discounted_price,actual_price,discount_percentage,rating,rating_count,Label
399,"1,099",0.64,4.2,"24,269",1
199,349,0.43,4,"43,994",1
199,"1,899",0.9,3.9,"7,928",1
329,699,0.53,4.2,"94,363",1
154,399,0.61,4.2,"16,905",1
149,"1,000",0.85,3.9,"24,871",1
176.63,499,0.65,4.1,"15,188",1
229,299,0.23,4.3,"30,411",1
499,999,0.5,4.2,"1,79,691",0
199,299,0.33,4,"43,994",1
154,339,0.55,4.3,"13,391",1
299,799,0.63,4.2,"94,363",1
219,700,0.69,4.4,"4,26,973",0
350,899,0.61,4.2,"2,262",1
159,399,0.6,4.1,"4,768",1
349,399,0.13,4.4,"18,757",1
13999,"24,999",0.44,4.2,"32,840",1
249,399,0.38,4,"43,994",1
199,499,0.6,4.1,"13,045",1
13490,"21,990",0.39,4.3,"11,976",1
970,"1,799",0.46,4.5,815,0
279,499,0.44,3.7,"10,962",1
13490,"22,900",0.41,4.3,"16,299",1
59,199,0.7,4,"9,378",1
11499,"19,990",0.42,4.3,"4,703",1
199,699,0.72,4.2,"12,153",1
14999,"19,999",0.25,4.2,"34,899",1
299,399,0.25,4,"2,766",1
970,"1,999",0.51,4.4,184,0
299,999,0.7,4.3,"20,850",1
199,750,0.73,4.5,"74,976",1
179,499,0.64,4,"1,934",0
389,"1,099",0.65,4.3,974,0
599,599,0,4.3,355,0
199,999,0.8,3.9,"1,075",0
99,666.66,0.85,3.9,"24,871",1
899,"1,900",0.53,4.4,"13,552",1
199,999,0.8,4,576,0
32999,"45,999",0.28,4.2,"7,298",1
970,"1,999",0.51,4.2,462,0
209,695,0.7,4.5,"1,07,687",0
19999,"34,999",0.43,4.3,"27,151",1
399,"1,099",0.64,4.2,"24,269",1
999,"1,599",0.38,4.3,"12,093",1
59,199,0.7,4,"9,378",1
333,999,0.67,3.3,"9,792",1
507,"1,208",0.58,4.1,"8,131",1
309,475,0.35,4.4,"4,26,973",0
399,999,0.6,3.6,493,0
199,395,0.5,4.2,"92,595",1
1199,"2,199",0.45,4.4,"24,780",1
179,500,0.64,4.2,"92,595",1
799,"2,100",0.62,4.3,"8,188",1
6999,"12,999",0.46,4.2,"4,003",1
199,349,0.43,4.1,314,0
230,499,0.54,3.7,"2,960",1
649,"1,399",0.54,4.2,"1,79,691",0
15999,"21,999",0.27,4.2,"34,899",1
348,"1,499",0.77,4.2,656,0
154,349,0.56,4.3,"7,064",1
179,799,0.78,3.7,"2,201",0
32990,"47,900",0.31,4.3,"7,109",1
139,999,0.86,4,"1,313",0
329,845,0.61,4.2,"29,746",1
13999,"24,999",0.44,4.2,"45,238",1
309,"1,400",0.78,4.4,"4,26,973",0
263,699,0.62,4.1,450,0
7999,"14,990",0.47,4.3,457,0
1599,"2,999",0.47,4.2,"2,727",1
219,700,0.69,4.3,"20,053",1
349,899,0.61,4.5,149,0
349,599,0.42,4.1,210,0
26999,"42,999",0.37,4.2,"45,238",1
115,499,0.77,4,"7,732",1
399,999,0.6,4.1,"1,780",0
199,499,0.6,4.1,602,0
179,399,0.55,4,"1,423",0
10901,"30,990",0.65,4.1,398,0
209,499,0.58,3.9,536,0
1434,"3,999",0.64,4,32,0
399,"1,099",0.64,4.2,"24,269",1
139,249,0.44,4,"9,378",1
7299,"19,125",0.62,3.4,902,0
299,799,0.63,4.4,"28,791",1
325,"1,299",0.75,4.2,"10,576",1
29999,"39,999",0.25,4.2,"7,298",1
27999,"40,990",0.32,4.3,"4,703",1
30990,"52,900",0.41,4.3,"7,109",1
199,999,0.8,4.5,127,0
649,"1,999",0.68,4.2,"24,269",1
269,800,0.66,3.6,"10,134",1
24999,"31,999",0.22,4.2,"34,899",1
299,699,0.57,4.2,"94,363",1
199,999,0.8,4.1,425,0
18990,"40,990",0.54,4.2,"6,659",1
290,349,0.17,3.7,"1,977",0
345,999,0.65,3.7,"1,097",0
1099,"1,899",0.42,4.5,"22,420",1
719,"1,499",0.52,4.1,"1,045",0
349,"1,499",0.77,4.3,"4,145",1
849,"1,809",0.53,4.3,"6,547",1
299,899,0.67,4,"1,588",0
21999,"29,999",0.27,4.2,"32,840",1
349,999,0.65,4.2,"13,120",1
399,999,0.6,4.3,"2,806",1
449,"1,299",0.65,4.2,"24,269",1
299,999,0.7,4.3,766,0
37999,"65,000",0.42,4.3,"3,587",0
99,800,0.88,3.9,"24,871",1
7390,"20,000",0.63,4.1,"2,581",0
273.1,999,0.73,4.3,"20,850",1
15990,"23,990",0.33,4.3,"1,035",0
399,999,0.6,4.1,"1,780",0
399,"1,999",0.8,4.5,505,0
210,399,0.47,4.1,"1,717",0
1299,"1,999",0.35,3.6,590,0
347,999,0.65,3.5,"1,121",0
149,999,0.85,4,"1,313",0
228,899,0.75,3.8,132,0
1599,"1,999",0.2,4.4,"1,951",1
1499,"3,999",0.63,3.7,37,0
8499,"15,999",0.47,4.3,592,0
20990,"44,990",0.53,4.1,"1,259",0
32999,"44,999",0.27,4.2,"45,238",1
799,"1,700",0.53,4.1,"28,638",1
229,595,0.62,4.3,"12,835",1
9999,"27,990",0.64,4.2,"1,269",0
349,599,0.42,4.2,284,0
489,"1,200",0.59,4.4,"69,538",1
23999,"34,990",0.31,4.3,"4,703",1
399,999,0.6,4.3,"2,806",1
349,"1,299",0.73,4,"3,295",1
179,299,0.4,3.9,81,0
689,"1,500",0.54,4.2,"42,301",1
30990,"49,990",0.38,4.3,"1,376",0
249,931,0.73,3.9,"1,075",0
999,"2,399",0.58,4.6,"3,664",1
349,699,0.5,4.3,"20,850",1
399,"1,099",0.64,4.1,"2,685",1
1699,"2,999",0.43,4.4,"24,780",1
749,"1,339",0.44,4.2,"1,79,692",0
9999,"12,999",0.23,4.2,"6,088",1
195,499,0.61,3.7,"1,383",0
999,"2,100",0.52,4.5,"5,492",1
499,899,0.44,4.2,919,0
416,599,0.31,4.2,"30,023",1
368,699,0.47,4.2,387,0
29990,"65,000",0.54,4.1,211,0
339,"1,099",0.69,4.3,974,0
15490,"20,900",0.26,4.3,"16,299",1
499,"1,299",0.62,4.3,"30,411",1
249,399,0.38,3.4,"4,642",1
399,799,0.5,4.3,12,0
1499,"1,999",0.25,4.4,"1,951",1
637,"1,499",0.58,4.1,24,0
399,899,0.56,3.9,254,0
1089,"1,600",0.32,4,"3,565",1
339,999,0.66,4.3,"6,255",1
149,499,0.7,4,"7,732",1
149,399,0.63,3.9,57,0
599,849,0.29,4.5,577,0
299,"1,199",0.75,3.9,"1,193",0
399,"1,299",0.69,4.2,"13,120",1
339,"1,999",0.83,4,343,0
12499,"22,990",0.46,4.3,"1,611",0
249,399,0.38,4,"6,558",1
1399,"2,499",0.44,4.4,"23,169",1
32999,"47,990",0.31,4.3,"4,703",1
149,399,0.63,4,"1,423",0
325,999,0.67,4.3,"2,651",1
399,"1,999",0.8,5,5,0
199,499,0.6,3.7,612,0
88,299,0.71,4,"9,378",1
399,"1,099",0.64,4.1,"2,685",1
57.89,199,0.71,4,"9,378",1
799,"1,999",0.6,3.3,576,0
205,499,0.59,3.8,313,0
299,699,0.57,4.1,"2,957",1
849,999,0.15,4.1,"6,736",1
949,"1,999",0.53,4.4,"13,552",1
499,"1,200",0.58,4.3,"5,451",1
299,485,0.38,4.3,"10,911",1
949,"1,999",0.53,4.4,"13,552",1
379,"1,099",0.66,4.3,"2,806",1
8990,"18,990",0.53,3.9,350,0
486,"1,999",0.76,4.2,"30,023",1
5699,"11,000",0.48,4.2,"4,003",1
709,"1,999",0.65,4.1,"1,78,817",0
47990,"70,900",0.32,4.3,"7,109",1
299,"1,199",0.75,3.7,490,0
320,599,0.47,4.1,491,0
139,549,0.75,3.9,61,0
129,249,0.48,4,"9,378",1
24999,"35,999",0.31,4.2,"32,840",1
999,"1,699",0.41,4.4,"7,318",1
225,499,0.55,4.1,789,0
547,"2,999",0.82,4.3,407,0
259,699,0.63,3.8,"2,399",0
239,699,0.66,4.4,"2,640",1
349,999,0.65,4,839,0
467,599,0.22,4.4,"44,054",1
449,599,0.25,4,"3,231",1
11990,"31,990",0.63,4.2,64,0
350,599,0.42,3.9,"8,314",1
252,999,0.75,3.7,"2,249",0
204,599,0.66,3.6,339,0
235,599,0.61,3.5,197,0
299,800,0.63,4.5,"74,977",1
799,"1,999",0.6,4.2,"8,583",1
299,999,0.7,3.8,928,0
6999,"16,990",0.59,3.8,110,0
42999,"59,999",0.28,4.1,"6,753",1
173,999,0.83,4.3,"1,237",0
209,600,0.65,4.4,"18,872",1
848.99,"1,490",0.43,3.9,356,0
649,"1,999",0.68,4.2,"24,269",1
299,899,0.67,3.8,425,0
399,799,0.5,4.1,"1,161",0
249,499,0.5,4.1,"1,508",0
1249,"2,299",0.46,4.3,"7,636",1
213,499,0.57,3.7,246,0
209,499,0.58,4,479,0
598,"4,999",0.88,4.2,910,0
799,"1,749",0.54,4.1,"5,626",1
159,595,0.73,4.3,"14,184",1
499,"1,100",0.55,4.4,"25,177",1
31999,"49,999",0.36,4.3,"21,252",1
32990,"56,790",0.42,4.3,567,0
299,"1,199",0.75,3.5,466,0
128.31,549,0.77,3.9,61,0
599,849,0.29,4.5,474,0
399,899,0.56,3.4,431,0
449,"1,099",0.59,4,242,0
254,799,0.68,4,"2,905",1
399,795,0.5,4.4,"12,091",1
179,399,0.55,4,"1,423",0
339,999,0.66,4.3,"6,255",1
399,999,0.6,4,"1,236",0
199,399,0.5,4.2,"1,335",0
349,"1,999",0.83,3.8,197,0
299,798,0.63,4.4,"28,791",1
89,800,0.89,3.9,"1,075",0
549,995,0.45,4.2,"29,746",1
129,"1,000",0.87,3.9,295,0
77990,"1,39,900",0.44,4.7,"5,935",1
349,799,0.56,3.6,323,0
499,899,0.44,3.7,185,0
299,799,0.63,4.2,"2,117",1
182,599,0.7,4,"9,378",1
96,399,0.76,3.6,"1,796",0
54990,"85,000",0.35,4.3,"3,587",0
439,758,0.42,4.2,"4,296",1
299,999,0.7,4.3,"2,651",1
299,799,0.63,4.2,"94,363",1
789,"1,999",0.61,4.2,"34,540",1
299,700,0.57,4.4,"8,714",1
325,"1,099",0.7,4.2,"10,576",1
1299,"1,999",0.35,4.4,"7,318",1
790,"1,999",0.6,3,103,0
4699,"4,699",0,4.5,224,0
18999,"24,990",0.24,4.3,"4,702",1
199,999,0.8,4.2,85,0
269,650,0.59,4.4,"35,877",1
1990,"3,100",0.36,4,897,0
2299,"3,999",0.43,3.8,282,0
35999,"49,990",0.28,4.3,"1,611",0
349,999,0.65,4.2,513,0
719,"1,499",0.52,4.1,"1,045",0
8999,"18,999",0.53,4,"6,347",1
917,"2,299",0.6,4.2,"3,300",1
399,999,0.6,3.3,23,0
45999,"69,900",0.34,4.3,"7,109",1
119,299,0.6,3.8,51,0
21999,"29,999",0.27,4.2,"32,840",1
21990,"34,990",0.37,4.3,"1,657",0
417.44,670,0.38,3.9,523,0
47990,"79,990",0.4,4.3,"1,376",0
215,499,0.57,3.5,121,0
99,800,0.88,3.9,"1,075",0
18999,"35,000",0.46,4,"1,001",0
249,999,0.75,4.3,112,0
7999,"15,999",0.5,3.8,"3,022",0
649,"1,600",0.59,4.3,"5,451",1
1289,"2,499",0.48,3.3,73,0
609,"1,500",0.59,4.5,"1,029",0
32990,"54,990",0.4,4.1,"1,555",0
599,"1,999",0.7,4.2,47,0
349,899,0.61,4.1,"14,896",1
29999,"50,999",0.41,4.4,"1,712",0
199,399,0.5,4.2,"1,335",0
349,699,0.5,3.9,214,0
1850,"4,500",0.59,4,184,0
13990,"28,900",0.52,4.5,7,0
129,449,0.71,3.7,41,0
379,999,0.62,4.2,"12,153",1
185,499,0.63,4.2,25,0
218,999,0.78,4.2,163,0
199,999,0.8,4.3,87,0
499,900,0.45,4.4,"2,165",1
26999,"42,999",0.37,4.2,"1,510",0
893,"1,052",0.15,4.3,106,0
10990,"19,990",0.45,3.7,129,0
379,"1,099",0.66,4.3,"3,049",1
16999,"25,999",0.35,4.2,"32,840",1
699,"1,899",0.63,4.4,390,0
2699,"3,500",0.23,3.5,621,0
129,599,0.78,4.1,265,0
389,999,0.61,4.3,838,0
246,600,0.59,4.2,143,0
299,799,0.63,4,151,0
247,399,0.38,3.9,200,0
1369,"2,999",0.54,3.3,227,0
199,499,0.6,3.8,538,0
299,599,0.5,4,171,0
14999,"14,999",0,4.3,"27,508",1
299,699,0.57,3.9,"1,454",0
24990,"51,990",0.52,4.2,"2,951",0
61999,"69,999",0.11,4.1,"6,753",1
24499,"50,000",0.51,3.9,"3,518",0
10499,"19,499",0.46,4.2,"1,510",0
349,999,0.65,4.3,838,0
197,499,0.61,3.8,136,0
1299,"2,499",0.48,4.3,301,0
1519,"1,899",0.2,4.4,"19,763",1
46999,"69,999",0.33,4.3,"21,252",1
299,799,0.63,4.3,"1,902",1
1999,"7,990",0.75,3.8,"17,831",1
2049,"2,199",0.07,4.3,"1,78,912",0
6499,"8,999",0.28,4,"7,807",1
28999,"28,999",0,4.3,"17,415",1
28999,"28,999",0,4.3,"17,415",1
6499,"8,999",0.28,4,"7,807",1
6499,"8,999",0.28,4,"7,807",1
569,"1,000",0.43,4.4,"67,259",1
1299,"1,599",0.19,4,"1,28,311",0
599,999,0.4,4.1,"1,92,590",0
9499,"11,999",0.21,4.2,284,0
599,"2,499",0.76,3.9,"58,162",1
8999,"11,999",0.25,4,"12,796",1
349,"1,299",0.73,4,"14,282",1
349,999,0.65,4.1,"3,63,713",0
959,"1,800",0.47,4.4,"67,259",1
9499,"11,999",0.21,4.2,284,0
1499,"2,499",0.4,4.3,"15,970",1
1149,"2,199",0.48,4.3,"1,78,912",0
349,999,0.65,3.9,"46,399",1
1219,"1,699",0.28,4.4,"8,891",1
1499,"7,999",0.81,4.2,"22,636",1
18499,"25,999",0.29,4.1,"22,318",1
369,700,0.47,4.4,"67,259",1
12999,"17,999",0.28,4.1,"18,998",1
2199,"9,999",0.78,4.2,"29,471",1
16999,"24,999",0.32,4.1,"22,318",1
16499,"20,999",0.21,4,"21,350",1
399,"1,099",0.64,4.2,"24,270",1
8499,"10,999",0.23,4.1,"3,13,836",0
6499,"8,499",0.24,4.1,"3,13,836",0
8999,"11,999",0.25,4,"12,796",1
139,495,0.72,4.3,"14,185",1
199,349,0.43,4,"43,993",1
15499,"18,999",0.18,4.1,"19,252",1
199,999,0.8,3.9,"7,928",1
8999,"11,999",0.25,4,"12,796",1
873,"1,699",0.49,4.4,"1,680",1
12999,"15,999",0.19,4.2,"13,246",1
539,"1,599",0.66,3.8,"14,648",1
15490,"20,990",0.26,4.2,"32,916",1
19999,"24,999",0.2,3.9,"25,824",1
1075,"1,699",0.37,4.4,"7,462",1
399,699,0.43,4,"37,817",1
1999,"7,990",0.75,3.8,"17,831",1
329,699,0.53,4.2,"94,364",1
154,399,0.61,4.2,"16,905",1
28999,"34,999",0.17,4.4,"20,311",1
2299,"7,990",0.71,4.2,"69,622",1
399,"1,999",0.8,4,"3,382",1
1149,"3,999",0.71,4.3,"1,40,036",0
529,"1,499",0.65,4.1,"8,599",1
13999,"19,499",0.28,4.1,"18,998",1
379,999,0.62,4.1,"3,63,713",0
149,"1,000",0.85,3.9,"24,870",1
99,499,0.8,4.3,"42,641",1
4790,"15,990",0.7,4,"4,390",1
33999,"33,999",0,4.3,"17,415",1
99,999,0.9,4,"1,396",0
299,"1,900",0.84,3.6,"18,202",1
10999,"14,999",0.27,4.1,"18,998",1
34999,"38,999",0.1,4.2,"11,029",1
16999,"24,999",0.32,4.1,"22,318",1
199,499,0.6,4.1,"1,786",0
999,"1,599",0.38,4,"7,222",1
1299,"1,599",0.19,4,"1,28,311",0
599,"1,800",0.67,3.5,"83,996",1
599,"1,899",0.68,4.3,"1,40,036",0
1799,"2,499",0.28,4.1,"18,678",1
176.63,499,0.65,4.1,"15,189",1
10999,"14,999",0.27,4.1,"18,998",1
2999,"7,990",0.62,4.1,"48,449",1
1999,"7,990",0.75,3.8,"17,831",1
229,299,0.23,4.3,"30,411",1
199,299,0.33,4,"43,994",1
649,999,0.35,4.2,"1,315",0
13999,"19,499",0.28,4.1,"18,998",1
119,299,0.6,4.1,"5,999",1
12999,"17,999",0.28,4.1,"50,772",1
154,339,0.55,4.3,"13,391",1
20999,"26,999",0.22,3.9,"25,824",1
249,649,0.62,4,"14,404",1
99,171,0.42,4.5,"11,339",1
489,"1,999",0.76,4,"3,626",1
369,"1,600",0.77,4,"32,625",1
15499,"18,999",0.18,4.1,"19,252",1
22999,"28,999",0.21,3.9,"25,824",1
599,"1,490",0.6,4.1,"1,61,679",0
134,699,0.81,4.1,"16,685",1
1149,"2,199",0.48,4.3,"1,78,912",0
1324,"1,699",0.22,4,"1,28,311",0
299,799,0.63,4.2,"94,364",1
999,"1,599",0.38,4,"7,222",1
12999,"17,999",0.28,4.1,"18,998",1
15490,"20,990",0.26,4.2,"32,916",1
999,"2,899",0.66,4.6,"26,603",1
1324,"1,699",0.22,4,"1,28,311",0
20999,"29,990",0.3,4.3,"9,499",1
999,"1,999",0.5,4.3,"1,777",1
12490,"15,990",0.22,4.2,"58,506",1
17999,"21,990",0.18,4,"21,350",1
350,899,0.61,4.2,"2,263",1
1399,"1,630",0.14,4,"9,378",1
159,399,0.6,4.1,"4,768",1
1999,"7,990",0.75,3.8,"17,833",1
999,"2,899",0.66,4.7,"7,779",1
2099,"5,999",0.65,4.3,"17,129",1
337,699,0.52,4.2,"4,969",1
349,399,0.13,4.4,"18,757",1
16499,"20,990",0.21,4,"21,350",1
499,499,0,4.2,"31,539",1
970,"1,799",0.46,4.5,815,0
999,"2,899",0.66,4.6,"6,129",1
10499,"13,499",0.22,4.2,284,0
249,399,0.38,4,"43,994",1
251,999,0.75,3.7,"3,234",1
199,499,0.6,4.1,"13,045",1
6499,"7,999",0.19,4.1,"3,13,832",0
2999,"9,999",0.7,4.2,"20,879",1
279,"1,499",0.81,4.2,"2,646",1
269,"1,499",0.82,4.5,"28,978",1
8999,"13,499",0.33,3.8,"3,145",0
59,199,0.7,4,"9,377",1
599,"1,299",0.54,4.1,"1,92,589",0
349,999,0.65,3.8,"16,557",1
13999,"19,499",0.28,4.1,"18,998",1
349,999,0.65,3.8,"16,557",1
499,599,0.17,4.2,"21,916",1
2199,"9,999",0.78,4.2,"29,472",1
95,499,0.81,4.2,"1,949",1
139,249,0.44,4,"9,377",1
4499,"7,999",0.44,3.5,37,0
89,599,0.85,4.3,"2,351",1
13999,"15,999",0.13,3.9,"2,180",0
599,999,0.4,4,"18,654",1
199,"1,099",0.82,4,"3,197",1
1499,"6,990",0.79,3.9,"21,796",1
20999,"29,990",0.3,4.3,"9,499",1
12999,"13,499",0.04,4.1,"56,098",1
16999,"20,999",0.19,4.1,"31,822",1
19999,"27,990",0.29,4.3,"9,499",1
12999,"18,999",0.32,4.1,"50,772",1
2999,"5,999",0.5,4.1,"7,148",1
299,999,0.7,4.3,"20,850",1
970,"1,999",0.51,4.4,184,0
329,999,0.67,4.2,"3,492",1
1989,"3,500",0.43,4.4,"67,260",1
12999,"18,999",0.32,4.1,"50,772",1
1499,"4,999",0.7,4,"92,588",1
16999,"20,999",0.19,4.1,"31,822",1
4999,"6,999",0.29,3.8,758,0
99,666.66,0.85,3.9,"24,870",1
1399,"1,630",0.14,4,"9,378",1
899,"1,900",0.53,4.4,"13,552",1
249,599,0.58,3.9,"2,147",0
299,"1,199",0.75,4.5,596,0
79,499,0.84,4.2,"1,949",1
13999,"15,999",0.13,3.9,"2,180",0
949,999,0.05,4.2,"31,539",1
99,499,0.8,4.1,"2,451",1
689,"1,999",0.66,4.3,"1,193",0
499,"1,899",0.74,4.1,"1,475",0
299,999,0.7,4.3,"8,891",1
209,499,0.58,3.6,104,0
8499,"12,999",0.35,4.1,"6,662",1
2179,"3,999",0.46,4,"8,380",1
16999,"20,999",0.19,4.1,"31,822",1
44999,"49,999",0.1,4.3,"3,075",0
2599,"2,999",0.13,3.9,"14,266",1
1399,"2,990",0.53,4.1,"97,175",1
649,"2,400",0.73,4.4,"67,260",1
799,"3,990",0.8,3.8,119,0
149,149,0,4.3,"10,833",1
799,"2,100",0.62,4.3,"8,188",1
3799,"5,299",0.28,3.5,"1,641",0
199,"1,899",0.9,4,"4,740",1
23999,"32,999",0.27,3.9,"8,866",1
29990,"39,990",0.25,4.3,"8,399",1
281,"1,999",0.86,2.8,87,0
7998,"11,999",0.33,3.8,125,0
249,999,0.75,4.5,38,0
299,599,0.5,4.3,"4,674",1
499,"1,899",0.74,4.1,412,0
899,"3,499",0.74,3,681,0
1599,"3,499",0.54,4,"36,384",1
120,999,0.88,3.9,"6,491",1
12999,"18,999",0.32,4.1,"50,772",1
1599,"2,599",0.38,4.3,"1,801",1
699,"1,199",0.42,4,"14,404",1
99,999,0.9,4.4,305,0
7915,"9,999",0.21,4.3,"1,376",0
1055,"1,249",0.16,3.8,"2,352",0
150,599,0.75,4.3,714,0
219,700,0.69,4.3,"20,052",1
474,"1,799",0.74,4.3,"1,454",0
115,499,0.77,4,"7,732",1
239,599,0.6,3.9,"2,147",0
7499,"9,499",0.21,4.1,"3,13,832",0
265,999,0.73,3.7,465,0
37990,"74,999",0.49,4.2,"27,790",1
199,499,0.6,4.1,602,0
179,399,0.55,4,"1,423",0
1799,"3,999",0.55,4.6,245,0
8499,"11,999",0.29,3.9,276,0
219,499,0.56,4.4,14,0
599,"1,399",0.57,4.1,"14,560",1
2499,"2,999",0.17,4.1,"3,156",1
89,499,0.82,4.1,"9,340",1
314,"1,499",0.79,4.5,"28,978",1
13999,"19,499",0.28,4.1,"18,998",1
139,499,0.72,4.2,"4,971",1
2599,"6,999",0.63,4.5,"1,526",1
365,999,0.63,4.1,"3,63,711",0
1499,"4,490",0.67,3.9,"1,36,954",0
1799,"7,990",0.77,3.8,"17,833",1
289,650,0.56,4.3,"2,53,105",0
599,895,0.33,4.4,"61,314",1
217,237,0.08,3.8,"7,354",1
1299,"2,990",0.57,3.8,"1,80,998",0
263,699,0.62,3.5,690,0
569,"1,000",0.43,4.4,"67,262",1
1399,"3,990",0.65,4.1,"1,41,841",0
349,"1,499",0.77,4.3,"24,791",1
149,399,0.63,3.5,"21,764",1
599,999,0.4,4.1,"1,92,587",0
1220,"3,990",0.69,4.1,"1,07,151",0
499,999,0.5,3.9,"92,995",1
99,999,0.9,4.1,"8,751",1
349,"1,299",0.73,4,"14,283",1
475,"1,500",0.68,4.2,"64,273",1
269,649,0.59,4.3,"54,315",1
299,599,0.5,4.1,"1,597",0
1499,"7,999",0.81,4.2,"22,638",1
329,999,0.67,3.9,"77,027",1
549,"1,799",0.69,4.3,"28,829",1
2199,"9,999",0.78,4.2,"29,478",1
299,650,0.54,4.5,"33,176",1
798,"1,995",0.6,4,"68,664",1
399,"1,099",0.64,4.2,"24,269",1
266,315,0.16,4.5,"28,030",1
50,50,0,4.3,"5,792",1
130,165,0.21,3.9,"14,778",1
449,"1,290",0.65,4.1,"91,770",1
399,"1,290",0.69,4.2,206,0
1399,"2,498",0.44,4.2,"33,717",1
199,349,0.43,4,"43,994",1
199,999,0.8,3.9,"7,928",1
4098,"4,999",0.18,4.5,"50,810",1
499,"1,999",0.75,3.7,"3,369",1
299,449,0.33,3.5,"11,827",1
329,699,0.53,4.2,"94,364",1
699,999,0.3,3.5,"15,295",1
799,"3,990",0.8,4.3,"27,139",1
1399,"5,499",0.75,3.9,"9,504",1
154,399,0.61,4.2,"16,905",1
519,"1,350",0.62,4.3,"30,058",1
2299,"7,990",0.71,4.2,"69,619",1
399,"1,999",0.8,4,"3,382",1
1499,"3,990",0.62,4.1,"1,09,864",0
1295,"1,295",0,4.5,"5,760",1
1889,"5,499",0.66,4.2,"49,551",1
455,"1,490",0.69,4.1,"1,61,677",0
399,995,0.6,3.9,"21,372",1
1059,"3,999",0.74,4.3,"1,40,035",0
149,"1,000",0.85,3.9,"24,870",1
717,761,0.06,4,"7,199",1
99,999,0.9,4,"1,396",0
39,299,0.87,3.5,"15,233",1
889,"2,500",0.64,4.3,"55,747",1
1199,"4,999",0.76,3.8,"14,961",1
569,"1,299",0.56,4.4,"9,275",1
1499,"8,999",0.83,3.7,"28,324",1
149,180,0.17,4.4,644,0
399,549,0.27,4.4,"18,139",1
191,225,0.15,4.4,"7,203",1
129,999,0.87,4.2,491,0
199,599,0.67,4.5,"13,568",1
999,"4,499",0.78,3.8,"3,390",1
899,"4,499",0.8,3.8,"1,03,052",0
1799,"2,499",0.28,4.1,"18,678",1
176.63,499,0.65,4.1,"15,189",1
522,550,0.05,4.4,"12,179",1
681,"1,199",0.43,4.2,"8,258",1
1199,"3,490",0.66,4.1,"11,716",1
2499,"4,999",0.5,4.4,"35,024",1
1799,"4,999",0.64,4.1,"55,192",1
429,599,0.28,4.1,"1,19,466",0
100,499,0.8,3.5,"9,638",1
329,399,0.18,3.6,"33,735",1
229,299,0.23,4.3,"30,411",1
139,299,0.54,3.8,"3,044",1
1199,"2,499",0.52,4,"33,584",1
1049,"2,299",0.54,3.9,"1,779",0
119,299,0.6,4.1,"5,999",1
154,339,0.55,4.3,"13,391",1
225,250,0.1,4.4,"26,556",1
656,"1,499",0.56,4.3,"25,903",1
1109,"2,800",0.6,4.3,"53,464",1
2999,"7,990",0.62,4.1,"48,448",1
169,299,0.43,4.4,"5,176",1
309,404,0.24,4.4,"8,614",1
599,"1,399",0.57,3.8,"60,026",1
299,599,0.5,3.8,"3,066",1
449,999,0.55,4,"2,102",1
799,"1,295",0.38,4.4,"34,852",1
219,700,0.69,4.4,"4,26,972",0
157,160,0.02,4.5,"8,618",1
369,"1,600",0.77,4,"32,625",1
599,899,0.33,4,"4,018",1
479,599,0.2,4.3,"11,687",1
350,899,0.61,4.2,"2,262",1
1598,"2,990",0.47,3.8,"11,015",1
599,899,0.33,4.3,"95,116",1
159,399,0.6,4.1,"4,768",1
1299,"3,000",0.57,4.3,"23,022",1
294,"4,999",0.94,4.3,"4,426",1
828,861,0.04,4.2,"4,567",1
745,795,0.06,4,"13,797",1
1549,"2,495",0.38,4.4,"15,137",1
349,399,0.13,4.4,"18,757",1
970,"1,799",0.46,4.5,815,0
1469,"2,499",0.41,4.2,"1,56,638",0
198,800,0.75,4.1,"9,344",1
549,549,0,4.5,"4,875",1
2999,"9,999",0.7,4.2,"20,881",1
12000,"29,999",0.6,4.3,"4,744",1
1299,"3,499",0.63,3.9,"12,452",1
269,315,0.15,4.5,"17,810",1
799,"1,499",0.47,4.1,"53,648",1
6299,"13,750",0.54,4.2,"2,014",0
59,59,0,3.8,"5,958",1
571,999,0.43,4.3,"38,221",1
549,999,0.45,3.9,"64,705",1
2099,"5,999",0.65,4.3,"17,129",1
13490,"21,990",0.39,4.3,"11,976",1
448,699,0.36,3.9,"17,348",1
1499,"2,999",0.5,3.7,"87,798",1
299,499,0.4,4.2,"24,432",1
579,"1,400",0.59,4.3,"1,89,104",0
2499,"3,299",0.24,4.2,"93,112",1
1199,"5,999",0.8,3.9,"47,521",1
399,499,0.2,4.3,"27,201",1
279,499,0.44,3.7,"10,962",1
13490,"22,900",0.41,4.3,"16,299",1
279,375,0.26,4.3,"31,534",1
137,160,0.14,4.4,"6,537",1
59,199,0.7,4,"9,377",1
299,499,0.4,4.5,"21,010",1
1799,"3,999",0.55,3.9,"3,517",1
1999,"2,999",0.33,4.3,"63,899",1
199,699,0.72,4.2,"12,153",1
399,"1,499",0.73,4.1,"5,730",1
1699,"3,999",0.58,4.2,"25,488",1
699,995,0.3,4.5,"54,405",1
95,499,0.81,4.2,"1,949",1
1149,"1,699",0.32,4.2,"1,22,478",0
1495,"1,995",0.25,4.3,"7,241",1
849,"4,999",0.83,4,"20,457",1
440,440,0,4.5,"8,610",1
349,999,0.65,3.8,"16,557",1
599,"3,999",0.85,3.9,"1,087",0
149,399,0.63,4,"1,540",0
289,999,0.71,4.1,401,0
179,499,0.64,3.4,"9,385",1
1499,"4,999",0.7,4,"92,588",1
399,699,0.43,3.4,"3,454",1
599,799,0.25,4.3,"15,790",1
949,"2,000",0.53,3.9,"14,969",1
2499,"9,999",0.75,4.1,"42,139",1
159,180,0.12,4.3,989,0
1329,"2,900",0.54,4.5,"19,624",1
570,999,0.43,4.2,"3,201",1
899,"1,999",0.55,4.1,"30,469",1
549,999,0.45,4.3,"7,758",1
1529,"2,399",0.36,4.3,"68,409",1
100,100,0,4.3,"3,095",1
299,"1,499",0.8,4.2,903,0
1295,"1,795",0.28,4.1,"25,771",1
699,999,0.3,4.1,"2,73,189",0
252,315,0.2,4.5,"3,785",1
190,220,0.14,4.4,"2,866",1
1299,"1,599",0.19,4.3,"27,223",1
729,"1,650",0.56,4.3,"82,356",1
480,600,0.2,4.3,"5,719",1
999,"2,499",0.6,4.3,"1,690",1
299,399,0.25,4,"2,766",1
238,699,0.66,4.4,"8,372",1
1349,"2,198",0.39,4,"7,113",1
299,999,0.7,4.3,"20,850",1
199,499,0.6,3.3,"2,804",0
1999,"9,999",0.8,3.7,"1,986",0
99,499,0.8,4.1,"2,451",1
499,"1,000",0.5,5,23,0
1792,"3,500",0.49,4.5,"26,194",1
3299,"4,100",0.2,3.9,"15,783",1
125,180,0.31,4.4,"8,053",1
399,"1,190",0.66,4.1,"2,809",1
1199,"7,999",0.85,3.6,"25,910",1
235,"1,599",0.85,3.8,"1,173",0
549,"1,999",0.73,3.6,"6,422",1
89,99,0.1,4.2,241,0
970,"1,999",0.51,4.4,184,0
1299,"2,999",0.57,3.8,"14,629",1
230,999,0.77,4.2,"1,528",0
119,499,0.76,4.3,"15,032",1
449,800,0.44,4.4,"69,585",1
1699,"3,495",0.51,4.1,"14,371",1
561,720,0.22,4.4,"3,182",1
289,590,0.51,4.4,"25,886",1
599,"1,999",0.7,4.4,"4,736",1
5599,"7,350",0.24,4.4,"73,005",1
1990,"2,595",0.23,4.3,"20,398",1
499,799,0.38,4.3,"2,125",1
999,"1,999",0.5,4.2,"27,441",1
69,299,0.77,4.3,255,0
899,"1,499",0.4,4.2,"23,174",1
478,699,0.32,3.8,"20,218",1
1399,"2,490",0.44,4.3,"11,074",1
199,750,0.73,4.5,"74,976",1
149,499,0.7,4.1,"25,607",1
1799,"4,990",0.64,4.2,"41,226",1
425,999,0.57,4,"2,581",1
378,999,0.62,4.1,"1,779",0
99,99,0,4.3,388,0
1499,"2,999",0.5,4.5,"8,656",1
1815,"3,100",0.41,4.5,"92,925",1
67,75,0.11,4.1,"1,269",0
1889,"2,699",0.3,4.3,"17,394",1
499,"1,499",0.67,3.6,"9,169",1
499,999,0.5,4.4,"1,030",0
5799,"7,999",0.28,4.5,"50,273",1
499,799,0.38,3.9,"6,742",1
249,600,0.59,4,"1,208",0
179,499,0.64,4,"1,933",0
4449,"5,734",0.22,4.4,"25,006",1
299,550,0.46,4.6,"33,434",1
629,"1,390",0.55,4.4,"6,301",1
2595,"3,295",0.21,4.4,"22,618",1
389,"1,099",0.65,4.3,974,0
1799,"2,911",0.38,4.3,"20,342",1
599,599,0,4,"26,423",1
2099,"3,250",0.35,3.8,"11,213",1
179,499,0.64,4.1,"10,174",1
1345,"2,295",0.41,4.2,"17,413",1
349,995,0.65,4.2,"6,676",1
287,499,0.42,4.4,"8,076",1
599,599,0,4.3,355,0
349,450,0.22,4.1,"18,656",1
879,"1,109",0.21,4.4,"31,599",1
199,999,0.8,3.9,"1,075",0
250,250,0,3.9,"13,971",1
199,499,0.6,3.6,"2,492",0
899,"1,900",0.53,4.4,"13,552",1
199,999,0.8,4,575,0
149,999,0.85,3.5,"2,523",0
469,"1,499",0.69,4.1,352,0
1187,"1,929",0.38,4.1,"1,662",0
849,"1,499",0.43,4,"7,352",1
328,399,0.18,4.1,"3,441",1
269,699,0.62,4,93,0
299,400,0.25,3.8,"40,895",1
114,120,0.05,4.2,"8,938",1
120,120,0,4.1,"4,308",1
970,"1,999",0.51,4.2,462,0
209,695,0.7,4.5,"1,07,686",0
1490,"2,295",0.35,4.6,"10,652",1
99,99,0,4.3,"5,036",1
149,249,0.4,4,"5,057",1
575,"2,799",0.79,4.2,"8,537",1
333,999,0.67,3.3,"9,792",1
178,210,0.15,4.3,"2,450",1
1599,"3,490",0.54,3.7,676,0
499,"1,299",0.62,3.9,"1,173",0
199,499,0.6,4.3,"9,998",1
199,999,0.8,4.2,362,0
939,"1,800",0.48,4.5,"2,05,052",0
2499,"9,999",0.75,4,"9,090",1
1439,"2,890",0.5,4.5,"4,099",1
1099,"5,999",0.82,3.5,"12,966",1
157,160,0.02,4.5,"4,428",1
999,"1,599",0.38,4.3,"12,093",1
175,499,0.65,4.1,21,0
1999,"4,700",0.57,3.8,"1,880",0
3999,"4,332.96",0.08,3.5,"21,762",1
899,"1,800",0.5,4.1,"22,375",1
299,990,0.7,4.5,"2,453",1
3303,"4,699",0.3,4.4,"13,544",1
1890,"5,490",0.66,4.1,"10,976",1
90,100,0.1,4.3,"3,061",1
1599,"2,790",0.43,3.6,"2,272",0
599,999,0.4,4,"7,601",1
507,"1,208",0.58,4.1,"8,131",1
425,899,0.53,4.5,"4,219",1
1499,"3,999",0.63,4.2,"42,775",1
549,"2,499",0.78,4.3,"5,556",1
199,395,0.5,4.2,"92,595",1
1295,"1,645",0.21,4.6,"12,375",1
310,310,0,4.5,"5,882",1
149,149,0,4.3,"10,833",1
1149,"1,499",0.23,4.1,"10,443",1
499,"1,299",0.62,4.5,434,0
999,"4,199",0.76,3.5,"1,913",0
1709,"4,000",0.57,4.4,"3,029",1
250,250,0,4.2,"2,628",1
1199,"2,199",0.45,4.4,"24,780",1
90,100,0.1,4.4,"10,718",1
1495,"1,995",0.25,4.5,"10,541",1
799,"2,100",0.62,4.3,"8,188",1
899,"1,199",0.25,3.8,"10,751",1
349,999,0.65,3.9,817,0
900,"2,499",0.64,4,"36,384",1
2490,"3,990",0.38,4.1,"3,606",1
116,200,0.42,4.4,357,0
200,230,0.13,4.4,"10,170",1
1249,"2,796",0.55,4.4,"4,598",1
649,999,0.35,3.5,"7,222",1
2649,"3,499",0.24,4.5,"1,271",1
199,349,0.43,4.1,314,0
596,723,0.18,4.4,"3,219",1
4999,"12,499",0.6,4.2,"4,541",1
399,"1,290",0.69,4.2,"76,042",1
116,200,0.42,4.3,485,0
4499,"5,999",0.25,4.3,"44,696",1
330,499,0.34,3.7,"8,566",1
649,"2,499",0.74,3.9,"13,049",1
1234,"1,599",0.23,4.5,"16,680",1
1399,"2,990",0.53,4.1,"97,174",1
272,320,0.15,4,"3,686",1
99,999,0.9,3.8,594,0
3498,"3,875",0.1,3.4,"12,185",1
10099,"19,110",0.47,4.3,"2,623",0
150,150,0,4.3,"15,867",1
348,"1,499",0.77,4.2,656,0
1199,"2,999",0.6,4.1,"10,725",1
397,899,0.56,4,"3,025",1
154,349,0.56,4.3,"7,064",1
699,"1,490",0.53,4,"5,736",1
1679,"1,999",0.16,4.1,"72,563",1
1199,"5,499",0.78,3.8,"2,043",0
379,"1,499",0.75,4.2,"4,149",1
499,775,0.36,4.3,74,0
10389,"32,000",0.68,4.4,"41,398",1
649,"1,300",0.5,4.1,"5,195",1
1199,"1,999",0.4,4.5,"22,420",1
139,999,0.86,4,"1,313",0
889,"1,999",0.56,4.2,"2,284",1
1409,"2,199",0.36,3.9,427,0
549,"1,999",0.73,4.3,"1,367",0
749,"1,799",0.58,4,"13,199",1
329,845,0.61,4.2,"29,746",1
379,"1,099",0.66,4.3,"2,806",1
5998,"7,999",0.25,4.2,"30,355",1
299,"1,499",0.8,4.2,"2,868",1
379,"1,499",0.75,4.1,670,0
1399,"2,999",0.53,4.3,"3,530",1
699,"1,299",0.46,4.3,"6,183",1
300,300,0,4.2,419,0
999,"1,995",0.5,4.5,"7,317",1
535,535,0,4.4,"4,426",1
13999,"24,999",0.44,4.2,"45,237",1
269,"1,099",0.76,4.1,"1,092",0
341,450,0.24,4.3,"2,493",1
2499,"3,999",0.38,4.4,"12,679",1
349,599,0.42,4.1,210,0
5899,"7,005",0.16,3.6,"4,199",1
699,"1,199",0.42,4,"14,403",1
1565,"2,999",0.48,4,"11,113",1
326,799,0.59,4.4,"10,773",1
120,999,0.88,3.9,"6,491",1
1995,"2,895",0.31,4.6,"10,760",1
1500,"1,500",0,4.4,"25,996",1
2640,"3,195",0.17,4.5,"16,146",1
5299,"6,355",0.17,3.9,"8,280",1
263,699,0.62,4.1,450,0
1990,"2,999",0.34,4.3,"14,237",1
1289,"1,499",0.14,4.5,"20,668",1
165,165,0,4.5,"1,674",1
1699,"3,499",0.51,3.6,"7,689",1
2299,"7,500",0.69,4.1,"5,554",1
219,700,0.69,4.3,"20,053",1
39,39,0,3.8,"3,344",1
26999,"37,999",0.29,4.6,"2,886",0
1490,"1,990",0.25,4.1,"98,250",1
398,"1,949",0.8,4,75,0
349,899,0.61,4.5,149,0
770,"1,547",0.5,4.3,"2,585",1
279,"1,299",0.79,4,"5,072",1
249,599,0.58,4.5,"5,985",1
115,499,0.77,4,"7,732",1
230,230,0,4.5,"9,427",1
399,999,0.6,4.1,"1,780",0
599,700,0.14,4.3,"2,301",1
598,"1,150",0.48,4.1,"2,535",1
399,"1,499",0.73,4,691,0
499,"1,299",0.62,4.1,"2,740",1
199,499,0.6,4.1,602,0
579,"1,090",0.47,4.4,"3,482",1
179,399,0.55,4,"1,423",0
90,100,0.1,4.1,"6,199",1
899,"1,999",0.55,4.4,"1,667",1
1149,"1,800",0.36,4.3,"4,723",1
249,499,0.5,4.2,"22,860",1
39,39,0,3.6,"13,572",1
1599,"3,599",0.56,4.2,"16,182",1
1199,"3,990",0.7,4.2,"2,908",1
209,499,0.58,3.9,536,0
1099,"1,499",0.27,4.2,"2,375",1
120,120,0,4.5,"4,951",1
1519,"3,499",0.57,4.3,408,0
420,420,0,4.2,"1,926",1
225,225,0,4.1,"4,798",1
199,799,0.75,4.1,"7,333",1
1799,"3,999",0.55,4.6,245,0
8349,"9,625",0.13,3.8,"3,652",1
3307,"6,100",0.46,4.3,"2,515",1
325,"1,299",0.75,4.2,"10,576",1
449,"1,300",0.65,4.2,"4,959",1
380,400,0.05,4.4,"2,111",1
499,"1,399",0.64,3.9,"1,462",0
849,"2,490",0.66,4.2,"91,188",1
2599,"6,999",0.63,4.5,"1,526",1
199,999,0.8,4.5,127,0
269,800,0.66,3.6,"10,134",1
298,999,0.7,4.3,"1,552",1
1499,"2,999",0.5,4.1,"25,262",1
649,"1,245",0.48,3.9,"1,23,365",0
1199,"1,695",0.29,3.6,"13,300",1
1199,"2,000",0.4,4,"18,543",1
455,999,0.54,4.1,"3,578",1
199,"1,999",0.9,3.7,"2,031",0
293,499,0.41,3.9,"44,994",1
199,495,0.6,4.1,"2,70,563",0
749,"1,245",0.4,3.9,"31,783",1
1399,"1,549",0.1,3.9,"2,602",1
749,"1,445",0.48,3.9,"63,350",1
1699,"3,193",0.47,3.8,"54,032",1
1043,"1,345",0.22,3.8,"15,592",1
499,999,0.5,4.1,"4,859",1
1464,"1,650",0.11,4.1,"14,120",1
249,499,0.5,3.3,"8,427",1
625,"1,400",0.55,4.2,"23,316",1
1290,"2,500",0.48,4,"6,530",1
3600,"6,190",0.42,4.3,"11,924",1
6549,"13,999",0.53,4,"2,961",1
1625,"2,995",0.46,4.5,"23,484",1
2599,"5,890",0.56,4.1,"21,783",1
1199,"2,000",0.4,4,"14,030",1
5499,"13,150",0.58,4.2,"6,398",1
1299,"3,500",0.63,3.8,"44,050",1
599,785,0.24,4.2,"24,247",1
1999,"3,210",0.38,4.2,"41,349",1
549,"1,000",0.45,3.6,"1,074",0
999,"2,000",0.5,3.8,"1,163",0
398,"1,999",0.8,4.1,257,0
539,720,0.25,4.1,"36,017",1
699,"1,595",0.56,4.1,"8,090",1
2148,"3,645",0.41,4.1,"31,388",1
3599,"7,950",0.55,4.2,136,0
351,999,0.65,4,"5,380",1
1614,"1,745",0.08,4.3,"37,974",1
719,"1,295",0.44,4.2,"17,218",1
678,"1,499",0.55,4.2,900,0
809,"1,545",0.48,3.7,976,0
1969,"5,000",0.61,4.1,"4,927",1
1490,"1,695",0.12,4.4,"3,543",1
2499,"3,945",0.37,3.8,"2,732",1
1665,"2,099",0.21,4,"14,368",1
3229,"5,295",0.39,4.2,"39,724",1
1799,"3,595",0.5,3.8,"9,791",1
1260,"1,699",0.26,4.2,"2,891",1
749,"1,129",0.34,4,"2,446",1
3499,"5,795",0.4,3.9,"25,340",1
379,999,0.62,4.3,"3,096",1
1099,"2,400",0.54,3.8,4,0
749,"1,299",0.42,4,119,0
1299,"1,299",0,4.2,"40,106",1
549,"1,090",0.5,4.2,"13,029",1
899,"2,000",0.55,3.6,291,0
1321,"1,545",0.14,4.3,"15,453",1
1099,"1,999",0.45,4,604,0
775,875,0.11,4.2,"46,647",1
6299,"15,270",0.59,4.1,"3,233",1
3190,"4,195",0.24,4,"1,282",0
799,"1,989",0.6,4.3,70,0
2699,"5,000",0.46,4,"26,164",1
599,990,0.39,3.9,"16,166",1
749,"1,111",0.33,4.2,"35,693",1
6199,"10,400",0.4,4.1,"14,391",1
1819,"2,490",0.27,4.4,"7,946",1
1199,"1,900",0.37,4,"1,765",0
3249,"6,295",0.48,3.8,"14,062",1
349,999,0.65,4,"15,646",1
1049,"1,699",0.38,3.1,111,0
799,"1,500",0.47,4.3,"9,695",1
4999,"9,650",0.48,4.2,"1,772",0
6999,"10,590",0.34,4.4,"11,499",1
799,"1,999",0.6,4.1,"2,162",1
89,89,0,4.2,"19,621",1
1400,"2,485",0.44,4.1,"19,998",1
355,899,0.61,4.1,"1,051",0
2169,"3,279",0.34,4.1,"1,716",0
2799,"3,799",0.26,3.9,"32,931",1
899,"1,249",0.28,3.9,"17,424",1
2499,"5,000",0.5,3.8,"1,889",0
3599,"7,299",0.51,4,"10,324",1
499,625,0.2,4.2,"5,355",1
653,"1,020",0.36,4.1,"3,366",1
4789,"8,990",0.47,4.3,"1,017",0
1409,"1,639",0.14,3.7,787,0
753,899,0.16,4.2,"18,462",1
353,"1,199",0.71,4.3,629,0
1099,"1,899",0.42,4.3,"15,276",1
8799,"11,595",0.24,4.4,"2,981",1
1345,"1,750",0.23,3.8,"2,466",0
2095,"2,095",0,4.5,"7,949",1
1498,"2,300",0.35,3.8,95,0
2199,"2,990",0.26,3.8,"1,558",0
3699,"4,295",0.14,4.1,"26,543",1
177,199,0.11,4.1,"3,688",1
1149,"2,499",0.54,3.8,"4,383",1
244,499,0.51,3.3,478,0
1959,"2,400",0.18,4,237,0
319,749,0.57,4.6,124,0
1499,"1,775",0.16,3.9,"14,667",1
469,"1,599",0.71,3.7,6,0
1099,"1,795",0.39,4.2,"4,244",1
9590,"15,999",0.4,4.1,"1,017",0
999,"1,490",0.33,4.1,"12,999",1
1299,"1,999",0.35,3.8,311,0
292,499,0.41,4.1,"4,238",1
160,299,0.46,4.6,"2,781",1
600,600,0,4.1,"10,907",1
1130,"1,130",0,4.2,"13,250",1
3249,"6,295",0.48,3.9,"43,070",1
3599,"9,455",0.62,4.1,"11,828",1
368,699,0.47,4.1,"1,240",0
3199,"4,999",0.36,4,"20,869",1
1599,"2,900",0.45,3.7,441,0
1999,"2,499",0.2,4.1,"1,034",0
616,"1,190",0.48,4.1,"37,126",1
1499,"2,100",0.29,4.1,"6,355",1
199,499,0.6,3.3,12,0
610,825,0.26,4.1,"13,165",1
999,"1,499",0.33,4.1,"1,646",0
8999,"9,995",0.1,4.4,"17,994",1
453,999,0.55,4.3,610,0
2464,"6,000",0.59,4.1,"8,866",1
2719,"3,945",0.31,3.7,"13,406",1
1439,"1,999",0.28,4.8,"53,803",1
2799,"3,499",0.2,4.5,546,0
2088,"5,550",0.62,4,"5,292",1
2399,"4,590",0.48,4.1,444,0
308,499,0.38,3.9,"4,584",1
2599,"4,400",0.41,4.1,"14,947",1
479,"1,000",0.52,4.2,"1,559",0
245,299,0.18,4.1,"1,660",0
179,799,0.78,3.5,132,0
3569,"5,190",0.31,4.3,"28,629",1
699,"1,345",0.48,3.9,"8,446",1
2089,"4,000",0.48,4.2,"11,199",1
2339,"4,000",0.42,3.8,"1,118",0
784,"1,599",0.51,4.5,11,0
5499,"9,999",0.45,3.8,"4,353",1
899,"1,990",0.55,4.1,185,0
1695,"1,695",0,4.2,"14,290",1
499,940,0.47,4.1,"3,036",1
2699,"4,700",0.43,4.2,"1,296",0
1448,"2,999",0.52,4.5,19,0
79,79,0,4,97,0
6990,"14,290",0.51,4.4,"1,771",0
2698,"3,945",0.32,4,"15,034",1
3199,"5,999",0.47,4,"3,242",1
1199,"1,950",0.39,3.9,"2,832",1
1414,"2,799",0.49,4,"1,498",0
999,"1,950",0.49,3.8,305,0
5999,"9,999",0.4,4.2,"1,191",0
9970,"12,999",0.23,4.3,"4,049",1
698,699,0,4.2,"3,160",1
2199,"3,190",0.31,4.3,"9,650",1
320,799,0.6,4.2,"3,846",1
298,499,0.4,4.4,290,0
1199,"1,499",0.2,3.8,"2,206",0
1399,"2,660",0.47,4.1,"9,349",1
599,"2,799",0.79,3.9,578,0
1499,"1,499",0,4.3,"9,331",1
14400,"59,900",0.76,4.4,"3,837",0
1699,"1,900",0.11,3.6,"11,456",1
649,999,0.35,3.8,49,0
3249,"6,375",0.49,4,"4,978",1
199,499,0.6,4.1,"1,996",1
1099,"1,899",0.42,4.3,"1,811",1
664,"1,490",0.55,4,"2,198",1
260,350,0.26,3.9,"13,127",1
6499,"8,500",0.24,4.4,"5,865",1
1484,"2,499",0.41,3.7,"1,067",0
999,"1,560",0.36,3.6,"4,881",1
3299,"6,500",0.49,3.7,"11,217",1
259,999,0.74,4,43,0
3249,"7,795",0.58,4.2,"4,664",1
4280,"5,995",0.29,3.8,"2,112",0
189,299,0.37,4.2,"2,737",1
1449,"2,349",0.38,3.9,"9,019",1
199,499,0.6,4,"10,234",1
474,"1,299",0.64,4.1,550,0
279,499,0.44,4.8,28,0
1999,"4,775",0.58,4.2,"1,353",0
799,"1,230",0.35,4.1,"2,138",1
949,"1,999",0.53,4,"1,679",0
3657.66,"5,156",0.29,3.9,"12,837",1
1699,"1,999",0.15,4.1,"8,873",1
1849,"2,095",0.12,4.3,"7,681",1
12499,"19,825",0.37,4.1,322,0
1099,"1,920",0.43,4.2,"9,772",1
8199,"16,000",0.49,3.9,"18,497",1
499,"2,199",0.77,3.7,53,0
6999,"14,999",0.53,4.1,"1,728",0
1595,"1,799",0.11,4,"2,877",1
1049,"1,950",0.46,3.8,250,0
1182,"2,995",0.61,4.2,"5,178",1
499,999,0.5,4.6,79,0
8799,"11,995",0.27,4.1,"4,157",1
1529,"2,999",0.49,3.3,29,0
1199,"1,690",0.29,4.2,"4,580",1
1052,"1,790",0.41,4.3,"1,404",0
6499,"8,995",0.28,4.3,"2,810",1
239,239,0,4.3,7,0
699,"1,599",0.56,4.7,"1,729",1
2599,"4,290",0.39,4.4,"2,116",1
1547,"2,890",0.46,3.9,463,0
499,"1,299",0.62,4.7,54,0
510,640,0.2,4.1,"7,229",1
1899,"3,790",0.5,3.8,"3,842",1
2599,"4,560",0.43,4.4,646,0
1199,"3,500",0.66,4.3,"1,802",1
999,"2,600",0.62,3.4,252,0
1999,"3,300",0.39,4.2,780,0
210,699,0.7,3.7,74,0
14499,"23,559",0.38,4.3,"2,026",0
950,"1,599",0.41,4.3,"5,911",1
7199,"9,995",0.28,4.4,"1,964",1
2439,"2,545",0.04,4.1,25,0
7799,"8,995",0.13,4,"3,160",1
1599,"1,999",0.2,4.4,"1,558",1
2899,"5,500",0.47,3.8,"8,958",1
9799,"12,150",0.19,4.3,"13,251",1
3299,"4,995",0.34,3.8,"1,393",0
669,"1,499",0.55,2.3,13,0
5890,"7,506",0.22,4.5,"7,241",1
9199,"18,000",0.49,4,"16,020",1
351,"1,099",0.68,3.7,"1,470",0
899,"1,900",0.53,4,"3,663",1
1349,"1,850",0.27,4.4,638,0
6236,"9,999",0.38,4.1,"3,552",1
2742,"3,995",0.31,4.4,"11,148",1
721,"1,499",0.52,3.1,"2,449",0
2903,"3,295",0.12,4.3,"2,299",1
1656,"2,695",0.39,4.4,"6,027",1
1399,"2,290",0.39,4.4,461,0
2079,"3,099",0.33,4.1,282,0
999,"1,075",0.07,4.1,"9,275",1
3179,"6,999",0.55,4,743,0
1049,"2,499",0.58,3.6,328,0
3599,"7,290",0.51,3.9,942,0
4799,"5,795",0.17,3.9,"3,815",1
1699,"3,398",0.5,3.8,"7,988",1
664,"1,490",0.55,4.1,925,0
948,"1,620",0.41,4.1,"4,370",1
850,"1,000",0.15,4.1,"7,619",1
600,640,0.06,3.8,"2,593",1
3711,"4,495",0.17,4.3,356,0
799,"2,999",0.73,4.5,63,0
980,980,0,4.2,"4,740",1
351,899,0.61,3.9,296,0
229,499,0.54,3.5,185,0
3349,"3,995",0.16,4.3,"1,954",1
5499,"11,500",0.52,3.9,959,0
299,499,0.4,3.9,"1,015",0
2249,"3,550",0.37,4,"3,973",1
699,"1,599",0.56,4.7,"2,300",1
1235,"1,499",0.18,4.1,203,0
1349,"2,999",0.55,3.8,441,0
6800,"11,500",0.41,4.1,"10,308",1
2099,"2,499",0.16,|,992,0
1699,"1,975",0.14,4.1,"4,716",1
1069,"1,699",0.37,3.9,313,0
1349,"2,495",0.46,3.8,166,0
1499,"3,500",0.57,4.1,303,0
2092,"4,600",0.55,4.3,562,0
3859,"10,295",0.63,3.9,"8,095",1
499,"2,199",0.77,2.8,109,0
1804,"2,380",0.24,4,"15,382",1
6525,"8,820",0.26,4.5,"5,137",1
4999,"24,999",0.8,4.6,124,0
1189,"2,400",0.5,4.1,618,0
2590,"4,200",0.38,4.1,63,0
899,"1,599",0.44,3.4,15,0
998,"2,999",0.67,4.6,9,0
998.06,"1,282",0.22,4.2,"7,274",1
1099,"1,990",0.45,3.9,"5,911",1
5999,"9,999",0.4,4.2,170,0
8886,"11,850",0.25,4.2,"3,065",1
475,999,0.52,4.1,"1,021",0
4995,"20,049",0.75,4.8,"3,964",1
13999,"24,850",0.44,4.4,"8,948",1
8499,"16,490",0.48,4.3,97,0
949,975,0.03,4.3,"7,223",1
395,499,0.21,4,330,0
635,635,0,4.3,"4,570",1
717,"1,390",0.48,4,"4,867",1
27900,"59,900",0.53,4.4,"5,298",1
649,670,0.03,4.1,"7,786",1
193,399,0.52,3.6,37,0
1299,"2,495",0.48,2,2,0
2449,"3,390",0.28,4,"5,206",1
1049,"2,499",0.58,3.7,638,0
2399,"4,200",0.43,3.8,397,0
2286,"4,495",0.49,3.9,326,0
499,"2,199",0.77,3.1,"3,527",0
429,999,0.57,3,617,0
299,595,0.5,4,314,0
5395,"19,990",0.73,4.4,535,0
559,"1,010",0.45,4.1,"17,325",1
660,"1,100",0.4,3.6,91,0
419,999,0.58,4.4,227,0
7349,"10,900",0.33,4.2,"11,957",1
2899,"4,005",0.28,4.3,"7,140",1
1799,"3,295",0.45,3.8,687,0
1474,"4,650",0.68,4.1,"1,045",0
15999,"24,500",0.35,4,"11,206",1
3645,"6,070",0.4,4.2,561,0
375,999,0.62,3.6,"1,988",0
2976,"3,945",0.25,4.2,"3,740",1
1099,"1,499",0.27,4.1,"4,401",1
2575,"6,700",0.62,4.2,611,0
1649,"2,800",0.41,3.9,"2,162",0
799,"1,699",0.53,4,97,0
765,970,0.21,4.2,"6,055",1
999,"1,500",0.33,4.2,386,0
587,"1,295",0.55,4.1,557,0
12609,"23,999",0.47,4.4,"2,288",0
699,850,0.18,4.1,"1,106",0
3799,"6,000",0.37,4.2,"11,935",1
640,"1,020",0.37,4.1,"5,059",1
979,"1,999",0.51,3.9,157,0
5365,"7,445",0.28,3.9,"3,584",1
3199,"3,500",0.09,4.2,"1,899",1
979,"1,395",0.3,4.2,"15,252",1
929,"2,199",0.58,3.7,4,0
3710,"4,330",0.14,3.7,"1,662",0
2033,"4,295",0.53,3.4,422,0
9495,"18,990",0.5,4.2,79,0
7799,"12,500",0.38,4,"5,160",1
949,"2,385",0.6,4.1,"2,311",1
2790,"4,890",0.43,3.9,588,0
645,"1,100",0.41,4,"3,271",1
2237.81,"3,899",0.43,3.9,"11,004",1
8699,"16,899",0.49,4.2,"3,195",1
42990,"75,990",0.43,4.3,"3,231",0
825,825,0,4,"3,246",1
161,300,0.46,2.6,24,0
697,"1,499",0.54,3.8,144,0
688,747,0.08,4.5,"2,280",1
2199,"3,999",0.45,3.5,340,0
6850,"11,990",0.43,3.9,144,0
2699,"3,799",0.29,4,727,0
899,"1,999",0.55,4,832,0
1090,"2,999",0.64,3.5,57,0
295,599,0.51,4,"1,644",0
479,"1,999",0.76,3.4,"1,066",0
2949,"4,849",0.39,4.2,"7,968",1
335,510,0.34,3.8,"3,195",1
293,499,0.41,4.1,"1,456",0
599,"1,299",0.54,4.2,590,0
499,999,0.5,4.3,"1,436",1
849,"1,190",0.29,4.2,"4,184",1
249,400,0.38,4.1,693,0
185,599,0.69,3.9,"1,306",0
778,999,0.22,3.3,8,0
279,699,0.6,4.3,"2,326",1
889,"1,295",0.31,4.3,"6,400",1
1449,"4,999",0.71,3.6,63,0
1190,"2,550",0.53,3.8,"1,181",0
1799,"1,950",0.08,3.9,"1,888",0
6120,"8,478",0.28,4.6,"6,550",1
1799,"3,299",0.45,3.8,"1,846",0
2199,"3,895",0.44,3.9,"1,085",0
3685,"5,495",0.33,4.1,290,0
649,999,0.35,3.6,4,0
8599,"8,995",0.04,4.4,"9,734",1
1110,"1,599",0.31,4.3,"4,022",1
1499,"3,500",0.57,4.7,"2,591",1
759,"1,999",0.62,4.3,532,0
2669,"3,199",0.17,3.9,260,0
929,"1,300",0.29,3.9,"1,672",0
199,399,0.5,3.7,"7,945",1
279,599,0.53,3.5,"1,367",0
549,999,0.45,4,"1,313",0
85,199,0.57,4.1,212,0
499,"1,299",0.62,3.9,65,0
5865,"7,776",0.25,4.4,"2,737",1
1260,"2,299",0.45,4.3,55,0
1099,"1,500",0.27,4.5,"1,065",0
1928,"2,590",0.26,4,"2,377",1
3249,"6,299",0.48,3.9,"2,569",0
1199,"1,795",0.33,4.2,"5,967",1
1456,"3,190",0.54,4.1,"1,776",0
3349,"4,799",0.3,3.7,"4,200",1
4899,"8,999",0.46,4.1,297,0
1199,"1,899",0.37,4.2,"3,858",1
3290,"5,799",0.43,4.3,168,0
179,799,0.78,3.6,101,0
149,300,0.5,4.1,"4,074",1
5490,"7,200",0.24,4.5,"1,408",0
379,389,0.03,4.2,"3,739",1
8699,"13,049",0.33,4.3,"5,891",1
3041.67,"5,999",0.49,4,777,0
1745,"2,400",0.27,4.2,"14,160",1
3180,"5,295",0.4,4.2,"6,919",1
4999,"24,999",0.8,4.5,287,0
390,799,0.51,3.8,287,0
1999,"2,999",0.33,4.4,388,0
1624,"2,495",0.35,4.1,827,0
184,450,0.59,4.2,"4,971",1
445,999,0.55,4.3,229,0
699,"1,690",0.59,4.1,"3,524",1
1601,"3,890",0.59,4.2,156,0
369,599,0.38,3.9,82,0
809,"1,950",0.59,3.9,710,0
1199,"2,990",0.6,3.8,133,0
6120,"8,073",0.24,4.6,"2,751",1
1799,"2,599",0.31,3.6,771,0
18999,"29,999",0.37,4.1,"2,536",0
1999,"2,360",0.15,4.2,"7,801",1
5999,"11,495",0.48,4.3,534,0
2599,"4,780",0.46,3.9,898,0
1199,"2,400",0.5,3.9,"1,202",0
219,249,0.12,4,"1,108",0
799,"1,199",0.33,4.4,17,0
6199,"10,999",0.44,4.2,"10,429",1
6790,"10,995",0.38,4.5,"3,192",1
1982.84,"3,300",0.4,4.1,"5,873",1
199,400,0.5,4.1,"1,379",0
1180,"1,440",0.18,4.2,"1,527",0
2199,"3,045",0.28,4.2,"2,686",1
2999,"3,595",0.17,4,178,0
253,500,0.49,4.3,"2,664",1
499,799,0.38,3.6,212,0
1149,"1,899",0.39,3.5,24,0
457,799,0.43,4.3,"1,868",1
229,399,0.43,3.6,451,0
199,699,0.72,2.9,159,0
899,"1,999",0.55,4.2,39,0
1499,"2,199",0.32,4.4,"6,531",1
426,999,0.57,4.1,222,0
2320,"3,290",0.29,3.8,195,0
1563,"3,098",0.5,3.5,"2,283",0
3487.77,"4,990",0.3,4.1,"1,127",0
498,"1,200",0.59,3.2,113,0
2695,"2,695",0,4.4,"2,518",1
949,"2,299",0.59,3.6,550,0
199,999,0.8,3.1,2,0
379,919,0.59,4,"1,090",0
2280,"3,045",0.25,4.1,"4,118",1
2219,"3,080",0.28,3.6,468,0
1399,"1,890",0.26,4,"8,031",1
2863,"3,690",0.22,4.3,"6,987",1
