product_id,discounted_price,actual_price,discount_percentage,rating,rating_count,worth or not worth
B07JW9H4J1,399,"1,099",0.64,4.2,"24,269",1
B098NS6PVG,199,349,0.43,4,"43,994",1
B096MSW6CT,199,"1,899",0.9,3.9,"7,928",1
B08HDJ86NZ,329,699,0.53,4.2,"94,363",1
B08CF3B7N1,154,399,0.61,4.2,"16,905",1
B08Y1TFSP6,149,"1,000",0.85,3.9,"24,871",1
B08WRWPM22,176.63,499,0.65,4.1,"15,188",1
B08DDRGWTJ,229,299,0.23,4.3,"30,411",1
B008IFXQFU,499,999,0.5,4.2,"1,79,691",0
B082LZGK39,199,299,0.33,4,"43,994",1
B08CF3D7QR,154,339,0.55,4.3,"13,391",1
B0789LZTCJ,299,799,0.63,4.2,"94,363",1
B07KSMBL2H,219,700,0.69,4.4,"4,26,973",0
B085DTN6R2,350,899,0.61,4.2,"2,262",1
B09KLVMZ3B,159,399,0.6,4.1,"4,768",1
B083342NKJ,349,399,0.13,4.4,"18,757",1
B0B6F7LX4C,13999,"24,999",0.44,4.2,"32,840",1
B082LSVT4B,249,399,0.38,4,"43,994",1
B08WRBG3XW,199,499,0.6,4.1,"13,045",1
B08DPLCM6T,13490,"21,990",0.39,4.3,"11,976",1
B09C6HXFC1,970,"1,799",0.46,4.5,815,0
B085194JFL,279,499,0.44,3.7,"10,962",1
B09F6S8BT6,13490,"22,900",0.41,4.3,"16,299",1
B09NHVCHS9,59,199,0.7,4,"9,378",1
B0B1YVCJ2Y,11499,"19,990",0.42,4.3,"4,703",1
B01M4GGIVU,199,699,0.72,4.2,"12,153",1
B08B42LWKN,14999,"19,999",0.25,4.2,"34,899",1
B094JNXNPV,299,399,0.25,4,"2,766",1
B09W5XR9RT,970,"1,999",0.51,4.4,184,0
B077Z65HSD,299,999,0.7,4.3,"20,850",1
B00NH11PEY,199,750,0.73,4.5,"74,976",1
B09CMM3VGK,179,499,0.64,4,"1,934",0
B08QSC1XY8,389,"1,099",0.65,4.3,974,0
B008FWZGSG,599,599,0,4.3,355,0
B0B4HJNPV4,199,999,0.8,3.9,"1,075",0
B08Y1SJVV5,99,666.66,0.85,3.9,"24,871",1
B07XLCFSSN,899,"1,900",0.53,4.4,"13,552",1
B09RZS1NQT,199,999,0.8,4,576,0
B0B3MMYHYW,32999,"45,999",0.28,4.2,"7,298",1
B09C6HWG18,970,"1,999",0.51,4.2,462,0
B00NH11KIK,209,695,0.7,4.5,"1,07,687",0
B09JPC82QC,19999,"34,999",0.43,4.3,"27,151",1
B07JW1Y6XV,399,"1,099",0.64,4.2,"24,269",1
B07KRCW6LZ,999,"1,599",0.38,4.3,"12,093",1
B09NJN8L25,59,199,0.7,4,"9,378",1
B07XJYYH7L,333,999,0.67,3.3,"9,792",1
B002PD61Y4,507,"1,208",0.58,4.1,"8,131",1
B014I8SSD0,309,475,0.35,4.4,"4,26,973",0
B09L8DSSFH,399,999,0.6,3.6,493,0
B07232M876,199,395,0.5,4.2,"92,595",1
B07P681N66,1199,"2,199",0.45,4.4,"24,780",1
B0711PVX6Z,179,500,0.64,4.2,"92,595",1
B082T6V3DT,799,"2,100",0.62,4.3,"8,188",1
B07MKFNHKG,6999,"12,999",0.46,4.2,"4,003",1
B0BFWGBX61,199,349,0.43,4.1,314,0
B01N90RZ4M,230,499,0.54,3.7,"2,960",1
B0088TKTY2,649,"1,399",0.54,4.2,"1,79,691",0
B09Q5SWVBJ,15999,"21,999",0.27,4.2,"34,899",1
B0B4DT8MKT,348,"1,499",0.77,4.2,656,0
B08CDKQ8T6,154,349,0.56,4.3,"7,064",1
B07B275VN9,179,799,0.78,3.7,"2,201",0
B0B15CPR37,32990,"47,900",0.31,4.3,"7,109",1
B0994GFWBH,139,999,0.86,4,"1,313",0
B01GGKZ0V6,329,845,0.61,4.2,"29,746",1
B09F9YQQ7B,13999,"24,999",0.44,4.2,"45,238",1
B014I8SX4Y,309,"1,400",0.78,4.4,"4,26,973",0
B09Q8HMKZX,263,699,0.62,4.1,450,0
B0B9XN9S3W,7999,"14,990",0.47,4.3,457,0
B07966M8XH,1599,"2,999",0.47,4.2,"2,727",1
B01GGKYKQM,219,700,0.69,4.3,"20,053",1
B0B86CDHL1,349,899,0.61,4.5,149,0
B0B5ZF3NRK,349,599,0.42,4.1,210,0
B09RFC46VP,26999,"42,999",0.37,4.2,"45,238",1
B08R69VDHT,115,499,0.77,4,"7,732",1
B09RWZRCP1,399,999,0.6,4.1,"1,780",0
B09CMP1SC8,199,499,0.6,4.1,602,0
B09YLXYP7Y,179,399,0.55,4,"1,423",0
B09ZPM4C2C,10901,"30,990",0.65,4.1,398,0
B0B2DJDCPX,209,499,0.58,3.9,536,0
B0BCZCQTJX,1434,"3,999",0.64,4,32,0
B07LGT55SJ,399,"1,099",0.64,4.2,"24,269",1
B09NKZXMWJ,139,249,0.44,4,"9,378",1
B08QX1CC14,7299,"19,125",0.62,3.4,902,0
B0974H97TJ,299,799,0.63,4.4,"28,791",1
B07GVGTSLN,325,"1,299",0.75,4.2,"10,576",1
B09VCHLSJF,29999,"39,999",0.25,4.2,"7,298",1
B0B1YZX72F,27999,"40,990",0.32,4.3,"4,703",1
B092BJMT8Q,30990,"52,900",0.41,4.3,"7,109",1
B0BMXMLSMM,199,999,0.8,4.5,127,0
B07JH1C41D,649,"1,999",0.68,4.2,"24,269",1
B0141EZMAI,269,800,0.66,3.6,"10,134",1
B09Q5P2MT3,24999,"31,999",0.22,4.2,"34,899",1
B08HDH26JX,299,699,0.57,4.2,"94,363",1
B09VT6JKRP,199,999,0.8,4.1,425,0
B09T3KB6JZ,18990,"40,990",0.54,4.2,"6,659",1
B093QCY6YJ,290,349,0.17,3.7,"1,977",0
B093ZNQZ2Y,249,799,0.69,3.8,"1,079",0
B08LKS3LSP,345,999,0.65,3.7,"1,097",0
B00V4BGDKU,1099,"1,899",0.42,4.5,"22,420",1
B08CHKQ8D4,719,"1,499",0.52,4.1,"1,045",0
B09BW334ML,349,"1,499",0.77,4.3,"4,145",1
B082T6GVLJ,849,"1,809",0.53,4.3,"6,547",1
B07DL1KC3H,299,899,0.67,4,"1,588",0
B0B6F98KJJ,21999,"29,999",0.27,4.2,"32,840",1
B07JNVF678,349,999,0.65,4.2,"13,120",1
B09QGZFBPM,399,999,0.6,4.3,"2,806",1
B07JGDB5M1,449,"1,299",0.65,4.2,"24,269",1
B0981XSZJ7,299,999,0.7,4.3,766,0
B0B9XLX8VR,37999,"65,000",0.42,4.3,"3,587",0
B08Y5KXR6Z,99,800,0.88,3.9,"24,871",1
B09F6VHQXB,7390,"20,000",0.63,4.1,"2,581",0
B0974G5Q2Y,273.1,999,0.73,4.3,"20,850",1
B09YL9SN9B,15990,"23,990",0.33,4.3,"1,035",0
B09RX1FK54,399,999,0.6,4.1,"1,780",0
B09TT6BFDX,399,"1,999",0.8,4.5,505,0
B09KH58JZR,210,399,0.47,4.1,"1,717",0
B09DDCQFMT,1299,"1,999",0.35,3.6,590,0
B08RP2L2NL,347,999,0.65,3.5,"1,121",0
B0B4G2MWSB,149,999,0.85,4,"1,313",0
B0B21C4BMX,228,899,0.75,3.8,132,0
B084MZXJNK,1599,"1,999",0.2,4.4,"1,951",1
B0BHZCNC4P,1499,"3,999",0.63,3.7,37,0
B0B16KD737,8499,"15,999",0.47,4.3,592,0
B099K9ZX65,20990,"44,990",0.53,4.1,"1,259",0
B08Y55LPBF,32999,"44,999",0.27,4.2,"45,238",1
B015OW3M1W,799,"1,700",0.53,4.1,"28,638",1
B01D5H8ZI8,229,595,0.62,4.3,"12,835",1
B09X1M3DHX,9999,"27,990",0.64,4.2,"1,269",0
B09MM6P76N,349,599,0.42,4.2,284,0
B01D5H8LDM,489,"1,200",0.59,4.4,"69,538",1
B0B1YY6JJL,23999,"34,990",0.31,4.3,"4,703",1
B09QGZM8QB,399,999,0.6,4.3,"2,806",1
B08L4SBJRY,349,"1,299",0.73,4,"3,295",1
B09X79PP8F,179,299,0.4,3.9,81,0
B082T6GVG9,689,"1,500",0.54,4.2,"42,301",1
B0B3XY5YT4,30990,"49,990",0.38,4.3,"1,376",0
B0B4HKH19N,249,931,0.73,3.9,"1,075",0
B08TGG316Z,999,"2,399",0.58,4.6,"3,664",1
B071VMP1Z4,399,399,0,3.9,"1,951",0
B071SDRGWL,349,699,0.5,4.3,"20,850",1
B08PSQRW2T,399,"1,099",0.64,4.1,"2,685",1
B0859M539M,1699,"2,999",0.43,4.4,"24,780",1
B08RX8G496,655,"1,099",0.4,3.2,285,0
B002SZEOLG,749,"1,339",0.44,4.2,"1,79,692",0
B08CS3BT4L,9999,"12,999",0.23,4.2,"6,088",1
B00RFWNJMC,195,499,0.61,3.7,"1,383",0
B082T6GXS5,999,"2,100",0.52,4.5,"5,492",1
B09CMQRQM6,499,899,0.44,4.2,919,0
B005LJQMCK,416,599,0.31,4.2,"30,023",1
B09C6H53KH,368,699,0.47,4.2,387,0
B0BB3CBFBM,29990,"65,000",0.54,4.1,211,0
B08QSDKFGQ,339,"1,099",0.69,4.3,974,0
B08PV1X771,15490,"20,900",0.26,4.3,"16,299",1
B07YTNKVJQ,499,"1,299",0.62,4.3,"30,411",1
B0117H7GZ6,249,399,0.38,3.4,"4,642",1
B09XJ1LM7R,399,799,0.5,4.3,12,0
B084N133Y7,1499,"1,999",0.25,4.4,"1,951",1
B088Z1YWBC,9490,"15,990",0.41,3.9,"10,480",1
B07VSG5SXZ,637,"1,499",0.58,4.1,24,0
B08RWCZ6SY,399,899,0.56,3.9,254,0
B07KSB1MLX,1089,"1,600",0.32,4,"3,565",1
B081FG1QYX,339,999,0.66,4.3,"6,255",1
B08R69WBN7,149,499,0.7,4,"7,732",1
B0B3RHX6B6,149,399,0.63,3.9,57,0
B084N18QZY,599,849,0.29,4.5,577,0
B081NHWT6Z,299,"1,199",0.75,3.9,"1,193",0
B07JPJJZ2H,399,"1,299",0.69,4.2,"13,120",1
B09JKNF147,339,"1,999",0.83,4,343,0
B0B9959XF3,12499,"22,990",0.46,4.3,"1,611",0
B09PNR6F8Q,249,399,0.38,4,"6,558",1
B07M69276N,1399,"2,499",0.44,4.4,"23,169",1
B0B1YZ9CB8,32999,"47,990",0.31,4.3,"4,703",1
B09YLYB9PB,149,399,0.63,4,"1,423",0
B08CTNJ985,325,999,0.67,4.3,"2,651",1
B0BP7XLX48,399,"1,999",0.8,5,5,0
B09LHXNZLR,199,499,0.6,3.7,612,0
B0B3N8VG24,88,299,0.71,4,"9,378",1
B08PSVBB2X,399,"1,099",0.64,4.1,"2,685",1
B0B3MQXNFB,57.89,199,0.71,4,"9,378",1
B08XMSKKMM,799,"1,999",0.6,3.3,576,0
B09L8DT7D6,205,499,0.59,3.8,313,0
B00GE55L22,299,699,0.57,4.1,"2,957",1
B0162K34H2,849,999,0.15,4.1,"6,736",1
B0B8SRZ5SV,949,"1,999",0.53,4.4,"13,552",1
B07CWNJLPC,499,"1,200",0.58,4.3,"5,451",1
B00NH12R1O,299,485,0.38,4.3,"10,911",1
B0B8SSC5D9,949,"1,999",0.53,4.4,"13,552",1
B08WKG2MWT,379,"1,099",0.66,4.3,"2,806",1
B0B466C3G4,8990,"18,990",0.53,3.9,350,0
B005LJQMZC,486,"1,999",0.76,4.2,"30,023",1
B07MDRGHWQ,5699,"11,000",0.48,4.2,"4,003",1
B07DC4RZPY,709,"1,999",0.65,4.1,"1,78,817",0
B0B15GSPQW,47990,"70,900",0.32,4.3,"7,109",1
B08GJNM9N7,299,"1,199",0.75,3.7,490,0
B09C6FML9B,320,599,0.47,4.1,491,0
B0B65MJ45G,139,549,0.75,3.9,61,0
B08P9RYPLR,129,249,0.48,4,"9,378",1
B0B6F8HHR6,24999,"35,999",0.31,4.2,"32,840",1
B084MZXJN6,999,"1,699",0.41,4.4,"7,318",1
B08XMG618K,225,499,0.55,4.1,789,0
B0BCKWZ884,547,"2,999",0.82,4.3,407,0
B00GGGOYEK,259,699,0.63,3.8,"2,399",0
B07ZR4S1G4,239,699,0.66,4.4,"2,640",1
B09C635BMM,349,999,0.65,4,839,0
B00GG59HU2,467,599,0.22,4.4,"44,054",1
B00RGLI0ZS,449,599,0.25,4,"3,231",1
B09ZPJT8B2,11990,"31,990",0.63,4.2,64,0
B07HZ2QCGR,350,599,0.42,3.9,"8,314",1
B095244Q22,252,999,0.75,3.7,"2,249",0
B08CKW1KH9,204,599,0.66,3.6,339,0
B0BLV1GNLN,6490,"9,990",0.35,4,27,0
B08RHPDNVV,235,599,0.61,3.5,197,0
B00NH13Q8W,299,800,0.63,4.5,"74,977",1
B0B8SSZ76F,799,"1,999",0.6,4.2,"8,583",1
B0841KQR1Z,299,999,0.7,3.8,928,0
B0B467CCB9,6999,"16,990",0.59,3.8,110,0
B095JQVC7N,42999,"59,999",0.28,4.1,"6,753",1
B08PPHFXG3,173,999,0.83,4.3,"1,237",0
B06XR9PR5X,209,600,0.65,4.4,"18,872",1
B09JSW16QD,848.99,"1,490",0.43,3.9,356,0
B07JH1CBGW,649,"1,999",0.68,4.2,"24,269",1
B09127FZCK,299,899,0.67,3.8,425,0
B083GQGT3Z,399,799,0.5,4.1,"1,161",0
B09Q8WQ5QJ,249,499,0.5,4.1,"1,508",0
B07YZG8PPY,1249,"2,299",0.46,4.3,"7,636",1
B09H39KTTB,213,499,0.57,3.7,246,0
B08DCVRW98,209,499,0.58,4,479,0
B0718ZN31Q,598,"4,999",0.88,4.2,910,0
B0162LYSFS,799,"1,749",0.54,4.1,"5,626",1
B07PFJ5VQD,159,595,0.73,4.3,"14,184",1
B01J8S6X2I,499,"1,100",0.55,4.4,"25,177",1
B09MJ77786,31999,"49,999",0.36,4.3,"21,252",1
B09NNGHG22,32990,"56,790",0.42,4.3,567,0
B07V5YF4ND,299,"1,199",0.75,3.5,466,0
B0B65P827P,128.31,549,0.77,3.9,61,0
B084MZYBTV,599,849,0.29,4.5,474,0
B097ZQTDVZ,399,899,0.56,3.4,431,0
B0B5F3YZY4,449,"1,099",0.59,4,242,0
B09G5TSGXV,254,799,0.68,4,"2,905",1
B006LW0WDQ,399,795,0.5,4.4,"12,091",1
B09YLX91QR,179,399,0.55,4,"1,423",0
B081FJWN52,339,999,0.66,4.3,"6,255",1
B0758F7KK7,399,999,0.6,4,"1,236",0
B09L835C3V,199,399,0.5,4.2,"1,335",0
B098TV3L96,349,"1,999",0.83,3.8,197,0
B08NCKT9FG,299,798,0.63,4.4,"28,791",1
B0B4T6MR8N,89,800,0.89,3.9,"1,075",0
B01GGKZ4NU,549,995,0.45,4.2,"29,746",1
B09BW2GP18,129,"1,000",0.87,3.9,295,0
B09WN3SRC7,77990,"1,39,900",0.44,4.7,"5,935",1
B09B125CFJ,349,799,0.56,3.6,323,0
B09RQRZW2X,499,899,0.44,3.7,185,0
B07924P3C5,299,799,0.63,4.2,"2,117",1
B08N1WL9XW,182,599,0.7,4,"9,378",1
B07VVXJ2P5,96,399,0.76,3.6,"1,796",0
B0BC8BQ432,54990,"85,000",0.35,4.3,"3,587",0
B06XFTHCNY,439,758,0.42,4.2,"4,296",1
B08CT62BM1,299,999,0.7,4.3,"2,651",1
B07CRL2GY6,299,799,0.63,4.2,"94,363",1
B07DWFX9YS,789,"1,999",0.61,4.2,"34,540",1
B01D5H90L4,299,700,0.57,4.4,"8,714",1
B07F1P8KNV,325,"1,099",0.7,4.2,"10,576",1
B084N1BM9L,1299,"1,999",0.35,4.4,"7,318",1
B09F6D21BY,790,"1,999",0.6,3,103,0
B09LQQYNZQ,4699,"4,699",0,4.5,224,0
B0BC9BW512,18999,"24,990",0.24,4.3,"4,702",1
B0B61HYR92,199,999,0.8,4.2,85,0
B075ZTJ9XR,269,650,0.59,4.4,"35,877",1
B0978V2CP6,1990,"3,100",0.36,4,897,0
B09LRZYBH1,2299,"3,999",0.43,3.8,282,0
B0B997FBZT,35999,"49,990",0.28,4.3,"1,611",0
B098LCVYPW,349,999,0.65,4.2,513,0
B09HV71RL1,719,"1,499",0.52,4.1,"1,045",0
B08PZ6HZLT,8999,"18,999",0.53,4,"6,347",1
B075TJHWVC,917,"2,299",0.6,4.2,"3,300",1
B09LV13JFB,399,999,0.6,3.3,23,0
B092BL5DCX,45999,"69,900",0.34,4.3,"7,109",1
B09VH568H7,119,299,0.6,3.8,51,0
B09HQSV46W,21999,"29,999",0.27,4.2,"32,840",1
B08TZD7FQN,299,599,0.5,3.7,708,0
B0B21XL94T,21990,"34,990",0.37,4.3,"1,657",0
B09PTT8DZF,417.44,670,0.38,3.9,523,0
B0B94JPY2N,199,999,0.8,3,,0
B0B3XXSB1K,47990,"79,990",0.4,4.3,"1,376",0
B08RZ12GKR,215,499,0.57,3.5,121,0
B0B4T8RSJ1,99,800,0.88,3.9,"1,075",0
B0B7B9V9QP,18999,"35,000",0.46,4,"1,001",0
B08XXVXP3J,249,999,0.75,4.3,112,0
B06XGWRKYT,7999,"15,999",0.5,3.8,"3,022",0
B07CWDX49D,649,"1,600",0.59,4.3,"5,451",1
B09TY4MSH3,1289,"2,499",0.48,3.3,73,0
B07RY2X9MP,609,"1,500",0.59,4.5,"1,029",0
B0B2C5MJN6,32990,"54,990",0.4,4.1,"1,555",0
B0BBMGLQDW,599,"1,999",0.7,4.2,47,0
B01LONQBDG,349,899,0.61,4.1,"14,896",1
B08XXF5V6G,29999,"50,999",0.41,4.4,"1,712",0
B09HK9JH4F,199,399,0.5,4.2,"1,335",0
B09MMD1FDN,349,699,0.5,3.9,214,0
B09HN7LD5L,1850,"4,500",0.59,4,184,0
B0BNDD9TN6,13990,"28,900",0.52,4.5,7,0
B0941392C8,129,449,0.71,3.7,41,0
B01M5967SY,379,999,0.62,4.2,"12,153",1
B016MDK4F4,185,499,0.63,4.2,25,0
B08G43CCLC,218,999,0.78,4.2,163,0
B0B61GCHC1,199,999,0.8,4.3,87,0
B07RX14W1Q,499,900,0.45,4.4,"2,165",1
B09PLD9TCD,26999,"42,999",0.37,4.2,"1,510",0
B0B8ZKWGKD,893,"1,052",0.15,4.3,106,0
B09NNJ9WYM,10990,"19,990",0.45,3.7,129,0
B08H5L8V1L,379,"1,099",0.66,4.3,"3,049",1
B0B8CXTTG3,16999,"25,999",0.35,4.2,"32,840",1
B09HCH3JZG,699,"1,899",0.63,4.4,390,0
B097JVLW3L,2699,"3,500",0.23,3.5,621,0
B09SB6SJB4,129,599,0.78,4.1,265,0
B08NW8GHCJ,389,999,0.61,4.3,838,0
B09YHLPQYT,246,600,0.59,4.2,143,0
B08G1RW2Q3,299,799,0.63,4,151,0
B08YXJJW8H,247,399,0.38,3.9,200,0
B09P8M18QM,1369,"2,999",0.54,3.3,227,0
B08BG4M4N7,199,499,0.6,3.8,538,0
B07VJ9ZTXS,299,599,0.5,4,171,0
B084872DQY,14999,"14,999",0,4.3,"27,508",1
B00GGGOYEU,299,699,0.57,3.9,"1,454",0
B08FD2VSD9,24990,"51,990",0.52,4.2,"2,951",0
B0BQRJ3C47,249,999,0.75,5,,0
B095JPKPH3,61999,"69,999",0.11,4.1,"6,753",1
B087JWLZ2K,24499,"50,000",0.51,3.9,"3,518",0
B09DSXK8JX,10499,"19,499",0.46,4.2,"1,510",0
B08V9C4B1J,349,999,0.65,4.3,838,0
B08PKBMJKS,197,499,0.61,3.8,136,0
B0B8VQ7KDS,1299,"2,499",0.48,4.3,301,0
B086JTMRYL,1519,"1,899",0.2,4.4,"19,763",1
B09RWQ7YR6,46999,"69,999",0.33,4.3,"21,252",1
B00OFM6PEO,299,799,0.63,4.3,"1,902",1
B0BF57RN3K,1799,"19,999",0.91,4.2,"13,937",1
B0B3RRWSF6,1998,"9,999",0.8,4.3,"27,696",1
B0B5B6PQCT,1999,"7,990",0.75,3.8,"17,831",1
B08HV83HL3,2049,"2,199",0.07,4.3,"1,78,912",0
B0BBN4DZBD,6499,"8,999",0.28,4,"7,807",1
B0B3CPQ5PF,28999,"28,999",0,4.3,"17,415",1
B0B3CQBRB4,28999,"28,999",0,4.3,"17,415",1
B0BBN56J5H,6499,"8,999",0.28,4,"7,807",1
B0BBN3WF7V,6499,"8,999",0.28,4,"7,807",1
B0BDRVFDKP,569,"1,000",0.43,4.4,"67,259",1
B0B5LVS732,1898,"4,999",0.62,4.1,"10,689",1
B09V2Q4QVQ,1299,"1,599",0.19,4,"1,28,311",0
B09V12K8NT,1499,"6,990",0.79,3.9,"21,796",1
B01DEWVZ2C,599,999,0.4,4.1,"1,92,590",0
B0BMGB3CH9,9499,"11,999",0.21,4.2,284,0
B08D77XZX5,599,"2,499",0.76,3.9,"58,162",1
B09XB8GFBQ,8999,"11,999",0.25,4,"12,796",1
B07WG8PDCW,349,"1,299",0.73,4,"14,282",1
B07GPXXNNG,349,999,0.65,4.1,"3,63,713",0
B0BDYVC5TD,959,"1,800",0.47,4.4,"67,259",1
B0BMGB2TPR,9499,"11,999",0.21,4.2,284,0
B08MC57J31,1499,"2,499",0.4,4.3,"15,970",1
B08HVL8QN3,1149,"2,199",0.48,4.3,"1,78,912",0
B0746JGVDS,349,999,0.65,3.9,"46,399",1
B08VFF6JQ8,1219,"1,699",0.28,4.4,"8,891",1
B09NVPSCQT,1599,"3,999",0.6,4,"30,254",1
B09YV4RG4D,1499,"7,999",0.81,4.2,"22,636",1
B09TWHTBKQ,18499,"25,999",0.29,4.1,"22,318",1
B08L5HMJVW,369,700,0.47,4.4,"67,259",1
B0B4F2XCK3,12999,"17,999",0.28,4.1,"18,998",1
B0BF54972T,1799,"19,999",0.91,4.2,"13,937",1
B09YV4MW2T,2199,"9,999",0.78,4.2,"29,471",1
B09TWH8YHM,16999,"24,999",0.32,4.1,"22,318",1
B07WGMMQGP,16499,"20,999",0.21,4,"21,350",1
B0BF563HB4,1799,"19,999",0.91,4.2,"13,937",1
B07JW9H4J1,399,"1,099",0.64,4.2,"24,270",1
B09GFPVD9Y,8499,"10,999",0.23,4.1,"3,13,836",0
B09GFLXVH9,6499,"8,499",0.24,4.1,"3,13,836",0
B0BF4YBLPX,1799,"19,999",0.91,4.2,"13,937",1
B09XB7DPW1,8999,"11,999",0.25,4,"12,796",1
B07PFJ5W31,139,495,0.72,4.3,"14,185",1
B0B3N7LR6K,3999,"16,999",0.76,4.3,"17,159",1
B09ZQK9X8G,2998,"5,999",0.5,4.1,"5,179",1
B098NS6PVG,199,349,0.43,4,"43,993",1
B07WJV6P1R,15499,"18,999",0.18,4.1,"19,252",1
B096MSW6CT,199,999,0.8,3.9,"7,928",1
B0BF54LXW6,1799,"19,999",0.91,4.2,"13,937",1
B09XB7SRQ5,8999,"11,999",0.25,4,"12,796",1
B09FFK1PQG,873,"1,699",0.49,4.4,"1,680",1
B09RMQYHLH,12999,"15,999",0.19,4.2,"13,246",1
B08ZN4B121,539,"1,599",0.66,3.8,"14,648",1
B0B3RSDSZ3,1999,"9,999",0.8,4.3,"27,696",1
B08VB34KJ1,15490,"20,990",0.26,4.2,"32,916",1
B09T39K9YL,19999,"24,999",0.2,3.9,"25,824",1
B08VF8V79P,1075,"1,699",0.37,4.4,"7,462",1
B08G28Z33M,399,699,0.43,4,"37,817",1
B09PNKXSKF,1999,"3,990",0.5,4,"30,254",1
B0B5DDJNH4,1999,"7,990",0.75,3.8,"17,831",1
B08HDJ86NZ,329,699,0.53,4.2,"94,364",1
B08CF3B7N1,154,399,0.61,4.2,"16,905",1
B07WDKLDRX,28999,"34,999",0.17,4.4,"20,311",1
B09MQSCJQ1,2299,"7,990",0.71,4.2,"69,622",1
B094YFFSMY,399,"1,999",0.8,4,"3,382",1
B09MT84WV5,1149,"3,999",0.71,4.3,"1,40,036",0
B08VS3YLRK,529,"1,499",0.65,4.1,"8,599",1
B0B4F3QNDM,13999,"19,499",0.28,4.1,"18,998",1
B07GQD4K6L,379,999,0.62,4.1,"3,63,713",0
B07WDKLRM4,13999,"19,999",0.3,4.1,"19,252",1
B0BP18W8TM,3999,"9,999",0.6,4.4,73,0
B08Y1TFSP6,149,"1,000",0.85,3.9,"24,870",1
B07GXHC691,99,499,0.8,4.3,"42,641",1
B08FN6WGDQ,4790,"15,990",0.7,4,"4,390",1
B0B3D39RKV,33999,"33,999",0,4.3,"17,415",1
B085HY1DGR,99,999,0.9,4,"1,396",0
B08D75R3Z1,299,"1,900",0.84,3.6,"18,202",1
B0B4F2TTTS,10999,"14,999",0.27,4.1,"18,998",1
B09WRMNJ9G,34999,"38,999",0.1,4.2,"11,029",1
B0B14MR9L1,16999,"24,999",0.32,4.1,"22,318",1
B09ZPL5VYM,199,499,0.6,4.1,"1,786",0
B0993BB11X,999,"1,599",0.38,4,"7,222",1
B09V2PZDX8,1299,"1,599",0.19,4,"1,28,311",0
B085W8CFLH,599,"1,800",0.67,3.5,"83,996",1
B09MT6XSFW,599,"1,899",0.68,4.3,"1,40,036",0
B07RD611Z8,1799,"2,499",0.28,4.1,"18,678",1
B08WRWPM22,176.63,499,0.65,4.1,"15,189",1
B0B4F52B5X,10999,"14,999",0.27,4.1,"18,998",1
B096VF5YYF,2999,"7,990",0.62,4.1,"48,449",1
B0B5D39BCD,1999,"7,990",0.75,3.8,"17,831",1
B08DDRGWTJ,229,299,0.23,4.3,"30,411",1
B082LZGK39,199,299,0.33,4,"43,994",1
B09XBJ1CTN,649,999,0.35,4.2,"1,315",0
B0B4F5L738,13999,"19,499",0.28,4.1,"18,998",1
B08MTCKDYN,119,299,0.6,4.1,"5,999",1
B09QS8V5N8,12999,"17,999",0.28,4.1,"50,772",1
B08CF3D7QR,154,339,0.55,4.3,"13,391",1
B09T2WRLJJ,20999,"26,999",0.22,3.9,"25,824",1
B089WB69Y1,249,649,0.62,4,"14,404",1
B0116MIKKC,99,171,0.42,4.5,"11,339",1
B09P858DK8,489,"1,999",0.76,4,"3,626",1
B07DJLFMPS,369,"1,600",0.77,4,"32,625",1
B07WHQWXL7,15499,"20,999",0.26,4.1,"19,252",1
B07WDK3ZS6,15499,"18,999",0.18,4.1,"19,252",1
B09T2S8X9C,22999,"28,999",0.21,3.9,"25,824",1
B07S9S86BF,599,"1,490",0.6,4.1,"1,61,679",0
B07N8RQ6W7,134,699,0.81,4.1,"16,685",1
B09FKDH6FS,7499,"7,999",0.06,4,"30,907",1
B08HVJCW95,1149,"2,199",0.48,4.3,"1,78,912",0
B09YDFDVNS,1324,"1,699",0.22,4,"1,28,311",0
B07WGPKTS4,13999,"19,999",0.3,4.1,"19,252",1
B0789LZTCJ,299,799,0.63,4.2,"94,364",1
B09MZCQYHZ,999,"1,599",0.38,4,"7,222",1
B0B4F2ZWL3,12999,"17,999",0.28,4.1,"18,998",1
B08VB2CMR3,15490,"20,990",0.26,4.2,"32,916",1
B095RTJH1M,999,"2,899",0.66,4.6,"26,603",1
B097R25DP7,1599,"4,999",0.68,4,"67,950",1
B09YDFKJF8,1324,"1,699",0.22,4,"1,28,311",0
B07WDK3ZS2,20999,"29,990",0.3,4.3,"9,499",1
B08RZ5K9YH,999,"1,999",0.5,4.3,"1,777",1
B08444S68L,12490,"15,990",0.22,4.2,"58,506",1
B07WHQBZLS,17999,"21,990",0.18,4,"21,350",1
B085DTN6R2,350,899,0.61,4.2,"2,263",1
B09JS562TP,1399,"1,630",0.14,4,"9,378",1
B09KLVMZ3B,159,399,0.6,4.1,"4,768",1
B09V17S2BG,1499,"6,990",0.79,3.9,"21,796",1
B0B5CGTBKV,1999,"7,990",0.75,3.8,"17,833",1
B0B23LW7NV,999,"2,899",0.66,4.7,"7,779",1
B09KGV7WSV,2099,"5,999",0.65,4.3,"17,129",1
B0971DWFDT,337,699,0.52,4.2,"4,969",1
B0BNV7JM5Y,2999,"7,990",0.62,4.1,154,0
B0B53QFZPY,1299,"5,999",0.78,3.3,"4,415",1
B083342NKJ,349,399,0.13,4.4,"18,757",1
B07WJWRNVK,16499,"20,990",0.21,4,"21,350",1
B01F25X6RQ,499,499,0,4.2,"31,539",1
B09C6HXFC1,970,"1,799",0.46,4.5,815,0
B0B244R4KB,999,"2,899",0.66,4.6,"6,129",1
B0BMGG6NKT,10499,"13,499",0.22,4.2,284,0
B082LSVT4B,249,399,0.38,4,"43,994",1
B092JHPL72,251,999,0.75,3.7,"3,234",1
B08WRBG3XW,199,499,0.6,4.1,"13,045",1
B09GFM8CGS,6499,"7,999",0.19,4.1,"3,13,832",0
B0B3MWYCHQ,2999,"9,999",0.7,4.2,"20,879",1
B09J2MM5C6,279,"1,499",0.81,4.2,"2,646",1
B07Q4QV1DL,269,"1,499",0.82,4.5,"28,978",1
B0B56YRBNT,8999,"13,499",0.33,3.8,"3,145",0
B09NHVCHS9,59,199,0.7,4,"9,377",1
B01DF26V7A,599,"1,299",0.54,4.1,"1,92,589",0
B08K4PSZ3V,349,999,0.65,3.8,"16,557",1
B0B4F1YC3J,13999,"19,499",0.28,4.1,"18,998",1
B08K4RDQ71,349,999,0.65,3.8,"16,557",1
B085CZ3SR1,499,599,0.17,4.2,"21,916",1
B09YV3K34W,2199,"9,999",0.78,4.2,"29,472",1
B09Z6WH2N1,95,499,0.81,4.2,"1,949",1
B09NL4DJ2Z,139,249,0.44,4,"9,377",1
B0BGSV43WY,4499,"7,999",0.44,3.5,37,0
B0926V9CTV,89,599,0.85,4.3,"2,351",1
B07WGPKMP5,15499,"20,999",0.26,4.1,"19,253",1
B0BBFJ9M3X,13999,"15,999",0.13,3.9,"2,180",0
B09PLFJ7ZW,1999,"4,999",0.6,3.9,"7,571",1
B0B53NXFFR,1399,"5,999",0.77,3.3,"4,415",1
B07GNC2592,599,999,0.4,4,"18,654",1
B09TP5KBN7,199,"1,099",0.82,4,"3,197",1
B0949SBKMP,1799,"6,990",0.74,4,"26,880",1
B09V175NP7,1499,"6,990",0.79,3.9,"21,796",1
B07WHSJXLF,20999,"29,990",0.3,4.3,"9,499",1
B0BD3T6Z1D,12999,"13,499",0.04,4.1,"56,098",1
B09LHYZ3GJ,16999,"20,999",0.19,4.1,"31,822",1
B07WFPMGQQ,19999,"27,990",0.29,4.3,"9,499",1
B09QS9X9L8,12999,"18,999",0.32,4.1,"50,772",1
B0B6BLTGTT,2999,"5,999",0.5,4.1,"7,148",1
B077Z65HSD,299,999,0.7,4.3,"20,850",1
B09W5XR9RT,970,"1,999",0.51,4.4,184,0
B084DTMYWK,329,999,0.67,4.2,"3,492",1
B0B53QLB9H,1299,"5,999",0.78,3.3,"4,415",1
B0BDYW3RN3,1989,"3,500",0.43,4.4,"67,260",1
B0B3RS9DNF,1999,"9,999",0.8,4.3,"27,704",1
B09QS9X16F,12999,"18,999",0.32,4.1,"50,772",1
B08HV25BBQ,1499,"4,999",0.7,4,"92,588",1
B09LJ116B5,16999,"20,999",0.19,4.1,"31,822",1
B0BMVWKZ8G,1999,"8,499",0.76,4.3,240,0
B0BD92GDQH,4999,"6,999",0.29,3.8,758,0
B08Y1SJVV5,99,666.66,0.85,3.9,"24,870",1
B0B5GF6DQD,2499,"5,999",0.58,3.7,828,0
B09JS94MBV,1399,"1,630",0.14,4,"9,378",1
B09YV463SW,1499,"9,999",0.85,4.2,"22,638",1
B07XLCFSSN,899,"1,900",0.53,4.4,"13,552",1
B09NL4DCXK,249,599,0.58,3.9,"2,147",0
B0B8CHJLWJ,299,"1,199",0.75,4.5,596,0
B0B8ZWNR5T,79,499,0.84,4.2,"1,949",1
B0BBFJLP21,13999,"15,999",0.13,3.9,"2,180",0
B01F262EUU,949,999,0.05,4.2,"31,539",1
B09VZBGL1N,99,499,0.8,4.1,"2,451",1
B0BNVBJW2S,2499,"7,990",0.69,4.1,154,0
B0B2DJ5RVQ,689,"1,999",0.66,4.3,"1,193",0
B096TWZRJC,499,"1,899",0.74,4.1,"1,475",0
B09GP6FBZT,299,999,0.7,4.3,"8,891",1
B0B3DV7S9B,209,499,0.58,3.6,104,0
B09MKP344P,8499,"12,999",0.35,4.1,"6,662",1
B08JW1GVS7,2179,"3,999",0.46,4,"8,380",1
B09LHZSMRR,16999,"20,999",0.19,4.1,"31,822",1
B0B5V47VK4,44999,"49,999",0.1,4.3,"3,075",0
B08H21B6V7,2599,"2,999",0.13,3.9,"14,266",1
B09BNXQ6BR,2799,"6,499",0.57,4.1,"38,879",1
B01FSYQ2A4,1399,"2,990",0.53,4.1,"97,175",1
B08L5FM4JC,649,"2,400",0.73,4.4,"67,260",1
B0B54Y2SNX,799,"3,990",0.8,3.8,119,0
B08BQ947H3,149,149,0,4.3,"10,833",1
B082T6V3DT,799,"2,100",0.62,4.3,"8,188",1
B0B7DHSKS7,3799,"5,299",0.28,3.5,"1,641",0
B09SJ1FTYV,199,"1,899",0.9,4,"4,740",1
B09XJ5LD6L,23999,"32,999",0.27,3.9,"8,866",1
B07WHS7MZ1,29990,"39,990",0.25,4.3,"8,399",1
B0BBVKRP7B,281,"1,999",0.86,2.8,87,0
B09NY7W8YD,7998,"11,999",0.33,3.8,125,0
B0BMM7R92G,249,999,0.75,4.5,38,0
B08M66K48D,299,599,0.5,4.3,"4,674",1
B09RFB2SJQ,499,"1,899",0.74,4.1,412,0
B0B82YGCF6,899,"3,499",0.74,3,681,0
B08HF4W2CT,1599,"3,499",0.54,4,"36,384",1
B08BCKN299,120,999,0.88,3.9,"6,491",1
B0B2X35B1K,3999,"6,999",0.43,4.1,"10,229",1
B09QS9CWLV,12999,"18,999",0.32,4.1,"50,772",1
B0B1NX6JTN,1599,"2,599",0.38,4.3,"1,801",1
B078G6ZF5Z,699,"1,199",0.42,4,"14,404",1
B0BBW521YC,99,999,0.9,4.4,305,0
B09HSKYMB3,7915,"9,999",0.21,4.3,"1,376",0
B09YV42QHZ,1499,"7,999",0.81,4.2,"22,638",1
B09BF8JBWX,1055,"1,249",0.16,3.8,"2,352",0
B0B5YBGCKD,150,599,0.75,4.3,714,0
B01GGKYKQM,219,700,0.69,4.3,"20,052",1
B09MY4W73Q,474,"1,799",0.74,4.3,"1,454",0
B08R69VDHT,115,499,0.77,4,"7,732",1
B09T37CKQ5,239,599,0.6,3.9,"2,147",0
B09GFPN6TP,7499,"9,499",0.21,4.1,"3,13,832",0
B0B298D54H,265,999,0.73,3.7,465,0
B08VB57558,37990,"74,999",0.49,4.2,"27,790",1
B09CMP1SC8,199,499,0.6,4.1,602,0
B09YLXYP7Y,179,399,0.55,4,"1,423",0
B0B9BXKBC7,1799,"3,999",0.55,4.6,245,0
B09NY6TRXG,8499,"11,999",0.29,3.9,276,0
B09NVPJ3P4,1999,"3,999",0.5,4,"30,254",1
B0B3NDPCS9,3999,"17,999",0.78,4.3,"17,161",1
B09VGKFM7Y,219,499,0.56,4.4,14,0
B07QCWY5XV,599,"1,399",0.57,4.1,"14,560",1
B098QXR9X2,2499,"2,999",0.17,4.1,"3,156",1
B07H1S7XW8,89,499,0.82,4.1,"9,340",1
B0BNXFDTZ2,2999,"11,999",0.75,4.4,768,0
B088ZFJY82,314,"1,499",0.79,4.5,"28,978",1
B0B4F4QZ1H,13999,"19,499",0.28,4.1,"18,998",1
B09BCNQ9R2,139,499,0.72,4.2,"4,971",1
B0B9BD2YL4,2599,"6,999",0.63,4.5,"1,526",1
B071Z8M4KX,365,999,0.63,4.1,"3,63,711",0
B09N3ZNHTY,1499,"4,490",0.67,3.9,"1,36,954",0
B0B3RRWSF6,1998,"9,999",0.8,4.3,"27,709",1
B0B5B6PQCT,1799,"7,990",0.77,3.8,"17,833",1
B005FYNT3G,289,650,0.56,4.3,"2,53,105",0
B01J0XWYKQ,599,895,0.33,4.4,"61,314",1
B09CTRPSJR,217,237,0.08,3.8,"7,354",1
B08JQN8DGZ,1299,"2,990",0.57,3.8,"1,80,998",0
B0B72BSW7K,263,699,0.62,3.5,690,0
B0BDRVFDKP,569,"1,000",0.43,4.4,"67,262",1
B0B5LVS732,1999,"4,999",0.6,4.1,"10,689",1
B08TV2P1N8,1399,"3,990",0.65,4.1,"1,41,841",0
B07XCM6T4N,349,"1,499",0.77,4.3,"24,791",1
B07T5DKR5D,149,399,0.63,3.5,"21,764",1
B01DEWVZ2C,599,999,0.4,4.1,"1,92,587",0
B07PR1CL3S,1220,"3,990",0.69,4.1,"1,07,151",0
B09V12K8NT,1499,"6,990",0.79,3.9,"21,797",1
B07JQKQ91F,499,999,0.5,3.9,"92,995",1
B08W56G1K9,99,999,0.9,4.1,"8,751",1
B07WG8PDCW,349,"1,299",0.73,4,"14,283",1
B01L8ZNWN2,475,"1,500",0.68,4.2,"64,273",1
B009VCGPSY,269,649,0.59,4.3,"54,315",1
B0B296NTFV,299,599,0.5,4.1,"1,597",0
B09NVPSCQT,1599,"3,999",0.6,4,"30,254",1
B09YV4RG4D,1499,"7,999",0.81,4.2,"22,638",1
B07TCN5VR9,329,999,0.67,3.9,"77,027",1
B00ZYLMQH0,549,"1,799",0.69,4.3,"28,829",1
B09YV4MW2T,2199,"9,999",0.78,4.2,"29,478",1
B01HJI0FS2,299,650,0.54,4.5,"33,176",1
B076B8G5D8,798,"1,995",0.6,4,"68,664",1
B07JW9H4J1,399,"1,099",0.64,4.2,"24,269",1
B014SZO90Y,266,315,0.16,4.5,"28,030",1
B07KCMR8D6,50,50,0,4.3,"5,792",1
B00N1U9AJS,130,165,0.21,3.9,"14,778",1
B07KY3FNQP,449,"1,290",0.65,4.1,"91,770",1
B0B3N7LR6K,3999,"16,999",0.76,4.3,"17,162",1
B07QZ3CZ48,399,"1,290",0.69,4.2,206,0
B09T3H12GV,1399,"2,498",0.44,4.2,"33,717",1
B098NS6PVG,199,349,0.43,4,"43,994",1
B096MSW6CT,199,999,0.8,3.9,"7,928",1
B09ZQK9X8G,2998,"5,999",0.5,4.1,"5,179",1
B08ZJDWTJ1,4098,"4,999",0.18,4.5,"50,810",1
B08FTFXNNB,499,"1,999",0.75,3.7,"3,369",1
B08YDFX7Y1,299,449,0.33,3.5,"11,827",1
B08HDJ86NZ,329,699,0.53,4.2,"94,364",1
B087FXHB6J,699,999,0.3,3.5,"15,295",1
B07N42JB4S,799,"3,990",0.8,4.3,"27,139",1
B0B31BYXQQ,1399,"5,499",0.75,3.9,"9,504",1
B08CF3B7N1,154,399,0.61,4.2,"16,905",1
B07SLMR1K6,519,"1,350",0.62,4.3,"30,058",1
B09MQSCJQ1,2299,"7,990",0.71,4.2,"69,619",1
B094YFFSMY,399,"1,999",0.8,4,"3,382",1
B092X94QNQ,1499,"3,990",0.62,4.1,"1,09,864",0
B0846D5CBP,1295,"1,295",0,4.5,"5,760",1
B00KXULGJQ,1889,"5,499",0.66,4.2,"49,551",1
B08H9Z3XQW,455,"1,490",0.69,4.1,"1,61,677",0
B08LPJZSSW,399,995,0.6,3.9,"21,372",1
B09MT84WV5,1059,"3,999",0.74,4.3,"1,40,035",0
B08Y1TFSP6,149,"1,000",0.85,3.9,"24,870",1
B08CYPB15D,717,761,0.06,4,"7,199",1
B085HY1DGR,99,999,0.9,4,"1,396",0
B00MFPCY5C,39,299,0.87,3.5,"15,233",1
B07JJFSG2B,889,"2,500",0.64,4.3,"55,747",1
B09NR6G588,1199,"4,999",0.76,3.8,"14,961",1
B07JPX9CR7,569,"1,299",0.56,4.4,"9,275",1
B08D11DZ2W,1499,"8,999",0.83,3.7,"28,324",1
B07Q7561HD,149,180,0.17,4.4,644,0
B0819HZPXL,399,549,0.27,4.4,"18,139",1
B00LXTFMRS,191,225,0.15,4.4,"7,203",1
B0B9LDCX89,129,999,0.87,4.2,491,0
B0765B3TH7,199,599,0.67,4.5,"13,568",1
B0B1F6GQPS,999,"4,499",0.78,3.8,"3,390",1
B07LG59NPV,899,"4,499",0.8,3.8,"1,03,052",0
B07RD611Z8,1799,"2,499",0.28,4.1,"18,678",1
B08WRWPM22,176.63,499,0.65,4.1,"15,189",1
B00AXHBBXU,522,550,0.05,4.4,"12,179",1
B08MCD9JFY,799,"1,999",0.6,3.8,"12,958",1
B083RCTXLL,681,"1,199",0.43,4.2,"8,258",1
B08HLZ28QC,1199,"3,490",0.66,4.1,"11,716",1
B07GVR9TG7,2499,"4,999",0.5,4.4,"35,024",1
B0856HY85J,1799,"4,999",0.64,4.1,"55,192",1
B07CD2BN46,429,599,0.28,4.1,"1,19,466",0
B07PLHTTB4,100,499,0.8,3.5,"9,638",1
B077T3BG5L,329,399,0.18,3.6,"33,735",1
B08DDRGWTJ,229,299,0.23,4.3,"30,411",1
B079Y6JZC8,139,299,0.54,3.8,"3,044",1
B0856HNMR7,1199,"2,499",0.52,4,"33,584",1
B0B12K5BPM,1049,"2,299",0.54,3.9,"1,779",0
B08MTCKDYN,119,299,0.6,4.1,"5,999",1
B08CF3D7QR,154,339,0.55,4.3,"13,391",1
B00LVMTA2A,225,250,0.1,4.4,"26,556",1
B07TR5HSR9,656,"1,499",0.56,4.3,"25,903",1
B0819ZZK5K,1109,"2,800",0.6,4.3,"53,464",1
B096VF5YYF,2999,"7,990",0.62,4.1,"48,448",1
B08QJJCY2Q,169,299,0.43,4.4,"5,176",1
B07L5L4GTB,309,404,0.24,4.4,"8,614",1
B07L8KNP5F,599,"1,399",0.57,3.8,"60,026",1
B08CF4SCNP,299,599,0.5,3.8,"3,066",1
B09XX51X2G,449,999,0.55,4,"2,102",1
B01M72LILF,799,"1,295",0.38,4.4,"34,852",1
B07KSMBL2H,219,700,0.69,4.4,"4,26,972",0
B00LZLQ624,157,160,0.02,4.5,"8,618",1
B07DJLFMPS,369,"1,600",0.77,4,"32,625",1
B09GB5B4BK,599,899,0.33,4,"4,018",1
B015ZXUDD0,479,599,0.2,4.3,"11,687",1
B085DTN6R2,350,899,0.61,4.2,"2,262",1
B09PL79D2X,1598,"2,990",0.47,3.8,"11,015",1
B098K3H92Z,599,899,0.33,4.3,"95,116",1
B09KLVMZ3B,159,399,0.6,4.1,"4,768",1
B084PJSSQ1,1299,"3,000",0.57,4.3,"23,022",1
B097R25DP7,1599,"4,999",0.68,4,"67,951",1
B097C564GC,294,"4,999",0.94,4.3,"4,426",1
B08CYNJ5KY,828,861,0.04,4.2,"4,567",1
B00Y4ORQ46,745,795,0.06,4,"13,797",1
B074CWD7MS,1549,"2,495",0.38,4.4,"15,137",1
B083342NKJ,349,399,0.13,4.4,"18,757",1
B09C6HXFC1,970,"1,799",0.46,4.5,815,0
B00A0VCJPI,1469,"2,499",0.41,4.2,"1,56,638",0
B00UGZWM2I,198,800,0.75,4.1,"9,344",1
B00R1P3B4O,549,549,0,4.5,"4,875",1
B0B3MWYCHQ,2999,"9,999",0.7,4.2,"20,881",1
B09DG9VNWB,12000,"29,999",0.6,4.3,"4,744",1
B09Y5MP7C4,1299,"3,499",0.63,3.9,"12,452",1
B01DJJVFPC,269,315,0.15,4.5,"17,810",1
B07DFYJRQV,799,"1,499",0.47,4.1,"53,648",1
B08L879JSN,6299,"13,750",0.54,4.2,"2,014",0
B08TDJNM3G,59,59,0,3.8,"5,958",1
B06XSK3XL6,571,999,0.43,4.3,"38,221",1
B07YNTJ8ZM,549,999,0.45,3.9,"64,705",1
B09KGV7WSV,2099,"5,999",0.65,4.3,"17,129",1
B08DPLCM6T,13490,"21,990",0.39,4.3,"11,976",1
B07KR5P3YD,448,699,0.36,3.9,"17,348",1
B08FB2LNSZ,1499,"2,999",0.5,3.7,"87,798",1
B01IBRHE3E,299,499,0.4,4.2,"24,432",1
B01N6LU1VF,579,"1,400",0.59,4.3,"1,89,104",0
B07XLML2YS,2499,"3,299",0.24,4.2,"93,112",1
B086WMSCN3,1199,"5,999",0.8,3.9,"47,521",1
B003B00484,399,499,0.2,4.3,"27,201",1
B085194JFL,279,499,0.44,3.7,"10,962",1
B09F6S8BT6,13490,"22,900",0.41,4.3,"16,299",1
B003L62T7W,279,375,0.26,4.3,"31,534",1
B09P18XVW6,2499,"4,999",0.5,3.9,"7,571",1
B00LZLPYHW,137,160,0.14,4.4,"6,537",1
B09NHVCHS9,59,199,0.7,4,"9,377",1
B00NNQMYNE,299,499,0.4,4.5,"21,010",1
B0B217Z5VK,1799,"3,999",0.55,3.9,"3,517",1
B07B88KQZ8,1999,"2,999",0.33,4.3,"63,899",1
B01M4GGIVU,199,699,0.72,4.2,"12,153",1
B07Z3K96FR,399,"1,499",0.73,4.1,"5,730",1
B0756CLQWL,1699,"3,999",0.58,4.2,"25,488",1
B004IO5BMQ,699,995,0.3,4.5,"54,405",1
B09Z6WH2N1,95,499,0.81,4.2,"1,949",1
B01HGCLUH6,1149,"1,699",0.32,4.2,"1,22,478",0
B01N4EV2TL,1495,"1,995",0.25,4.3,"7,241",1
B08MZQBFLN,849,"4,999",0.83,4,"20,457",1
B0752LL57V,440,440,0,4.5,"8,610",1
B08K4PSZ3V,349,999,0.65,3.8,"16,557",1
B09Z28BQZT,599,"3,999",0.85,3.9,"1,087",0
B094DQWV9B,149,399,0.63,4,"1,540",0
B0BBMPH39N,289,999,0.71,4.1,401,0
B097JQ1J5G,179,499,0.64,3.4,"9,385",1
B07YY1BY5B,1499,"4,999",0.7,4,"92,588",1
B08VRMK55F,399,699,0.43,3.4,"3,454",1
B08CHZ3ZQ7,599,799,0.25,4.3,"15,790",1
B08SCCG9D4,949,"2,000",0.53,3.9,"14,969",1
B0972BQ2RS,2499,"9,999",0.75,4.1,"42,139",1
B00ZRBWPA0,159,180,0.12,4.3,989,0
B0B2DD66GS,1329,"2,900",0.54,4.5,"19,624",1
B09M869Z5V,570,999,0.43,4.2,"3,201",1
B07W6VWZ8C,899,"1,999",0.55,4.1,"30,469",1
B07Z1X6VFC,449,999,0.55,4.4,"9,940",1
B07YL54NVJ,549,999,0.45,4.3,"7,758",1
B0759QMF85,1529,"2,399",0.36,4.3,"68,409",1
B00LM4X0KU,100,100,0,4.3,"3,095",1
B08PFSZ7FH,299,"1,499",0.8,4.2,903,0
B012MQS060,1295,"1,795",0.28,4.1,"25,771",1
B01MF8MB65,699,999,0.3,4.1,"2,73,189",0
B00LHZWD0C,252,315,0.2,4.5,"3,785",1
B08QDPB1SL,190,220,0.14,4.4,"2,866",1
B07BRKK9JQ,1299,"1,599",0.19,4.3,"27,223",1
B01EZ0X3L8,729,"1,650",0.56,4.3,"82,356",1
B00LM4W1N2,480,600,0.2,4.3,"5,719",1
B0949SBKMP,1799,"6,990",0.74,4,"26,880",1
B08YD264ZS,999,"2,499",0.6,4.3,"1,690",1
B094JNXNPV,299,399,0.25,4,"2,766",1
B00GZLB57U,238,699,0.66,4.4,"8,372",1
B07V82W5CN,1349,"2,198",0.39,4,"7,113",1
B077Z65HSD,299,999,0.7,4.3,"20,850",1
B08HD7JQHX,199,499,0.6,3.3,"2,804",0
B0B31FR4Y2,1999,"9,999",0.8,3.7,"1,986",0
B09Y14JLP3,99,499,0.8,4.1,"2,451",1
B09ZHCJDP1,499,"1,000",0.5,5,23,0
B08C4Z69LN,1792,"3,500",0.49,4.5,"26,194",1
B016XVRKZM,3299,"4,100",0.2,3.9,"15,783",1
B00LHZW3XY,125,180,0.31,4.4,"8,053",1
B098JYT4SY,399,"1,190",0.66,4.1,"2,809",1
B08CFCK6CW,1199,"7,999",0.85,3.6,"25,910",1
B09P564ZTJ,235,"1,599",0.85,3.8,"1,173",0
B07MSLTW8Z,549,"1,999",0.73,3.6,"6,422",1
B09N6TTHT6,89,99,0.1,4.2,241,0
B09W5XR9RT,970,"1,999",0.51,4.4,184,0
B098R25TGC,1299,"2,999",0.57,3.8,"14,629",1
B0B2PQL5N3,230,999,0.77,4.2,"1,528",0
B07DKZCZ89,119,499,0.76,4.3,"15,032",1
B08GYG6T12,449,800,0.44,4.4,"69,585",1
B09BN2NPBD,1699,"3,495",0.51,4.1,"14,371",1
B00J4YG0PC,561,720,0.22,4.4,"3,182",1
B073BRXPZX,289,590,0.51,4.4,"25,886",1
B08LHTJTBB,599,"1,999",0.7,4.4,"4,736",1
B07VTFN6HM,5599,"7,350",0.24,4.4,"73,005",1
B008QS9J6Y,1990,"2,595",0.23,4.3,"20,398",1
B09M8888DM,499,799,0.38,4.3,"2,125",1
B07Z1YVP72,449,999,0.55,4.3,"11,330",1
B082FTPRSK,999,"1,999",0.5,4.2,"27,441",1
B09RF2QXGX,69,299,0.77,4.3,255,0
B01KK0HU3Y,899,"1,499",0.4,4.2,"23,174",1
B07JF9B592,478,699,0.32,3.8,"20,218",1
B086394NY5,1399,"2,490",0.44,4.3,"11,074",1
B00NH11PEY,199,750,0.73,4.5,"74,976",1
B017PDR9N0,149,499,0.7,4.1,"25,607",1
B07NC12T2R,1799,"4,990",0.64,4.2,"41,226",1
B07WKBD37W,425,999,0.57,4,"2,581",1
B08JMC1988,999,"2,490",0.6,4.1,"18,331",1
B09GFN8WZL,378,999,0.62,4.1,"1,779",0
B095X38CJS,99,99,0,4.3,388,0
B07ZKD8T1Q,1499,"2,999",0.5,4.5,"8,656",1
B07G3YNLJB,1815,"3,100",0.41,4.5,"92,925",1
B00P93X2H6,67,75,0.11,4.1,"1,269",0
B0798PJPCL,1889,"2,699",0.3,4.3,"17,394",1
B09GFWJDY1,499,"1,499",0.67,3.6,"9,169",1
B09MZ6WZ6V,499,999,0.5,4.4,"1,030",0
B094QZLJQ6,5799,"7,999",0.28,4.5,"50,273",1
B07L3NDN24,499,799,0.38,3.9,"6,742",1
B08WD18LJZ,249,600,0.59,4,"1,208",0
B09CMM3VGK,179,499,0.64,4,"1,933",0
B06XDKWLJH,4449,"5,734",0.22,4.4,"25,006",1
B01J1CFO5I,299,550,0.46,4.6,"33,434",1
B07J2NGB69,629,"1,390",0.55,4.4,"6,301",1
B00MUTWLW4,2595,"3,295",0.21,4.4,"22,618",1
B08QSC1XY8,389,"1,099",0.65,4.3,974,0
B017NC2IPM,1799,"2,911",0.38,4.3,"20,342",1
B00N1U7JXM,90,175,0.49,4.4,"7,429",1
B08HQL67D6,599,599,0,4,"26,423",1
B09RKFBCV7,1999,"7,999",0.75,4.2,"31,305",1
B08KHM9VBJ,2099,"3,250",0.35,3.8,"11,213",1
B01IOZUHRS,179,499,0.64,4.1,"10,174",1
B00CEQEGPI,1345,"2,295",0.41,4.2,"17,413",1
B08B6XWQ1C,349,995,0.65,4.2,"6,676",1
B01DGVKBC6,287,499,0.42,4.4,"8,076",1
B008FWZGSG,599,599,0,4.3,355,0
B08JD36C6H,349,450,0.22,4.1,"18,656",1
B00E3DVQFS,879,"1,109",0.21,4.4,"31,599",1
B0B4HJNPV4,199,999,0.8,3.9,"1,075",0
B00BN5SNF0,250,250,0,3.9,"13,971",1
B09SGGRKV8,199,499,0.6,3.6,"2,492",0
B07XLCFSSN,899,"1,900",0.53,4.4,"13,552",1
B09RZS1NQT,199,999,0.8,4,575,0
B084BR3QX8,149,999,0.85,3.5,"2,523",0
B09VC2D2WG,469,"1,499",0.69,4.1,352,0
B09163Q5CD,1187,"1,929",0.38,4.1,"1,662",0
B08K9PX15C,849,"1,499",0.43,4,"7,352",1
B083RD1J99,328,399,0.18,4.1,"3,441",1
B09Z7YGV3R,269,699,0.62,4,93,0
B00N3XLDW0,299,400,0.25,3.8,"40,895",1
B07Z53L5QL,549,"1,499",0.63,4.3,"11,006",1
B00P93X0VO,114,120,0.05,4.2,"8,938",1
B07SBGFDX9,120,120,0,4.1,"4,308",1
B09C6HWG18,970,"1,999",0.51,4.2,462,0
B00NH11KIK,209,695,0.7,4.5,"1,07,686",0
B07X2L5Z8C,1490,"2,295",0.35,4.6,"10,652",1
B00VA7YYUO,99,99,0,4.3,"5,036",1
B07L9FW9GF,149,249,0.4,4,"5,057",1
B08D64C9FN,575,"2,799",0.79,4.2,"8,537",1
B07XJYYH7L,333,999,0.67,3.3,"9,792",1
B00LOD70SC,178,210,0.15,4.3,"2,450",1
B09X76VL5L,1599,"3,490",0.54,3.7,676,0
B091JF2TFD,499,"1,299",0.62,3.9,"1,173",0
B07S7DCJKS,199,499,0.6,4.3,"9,998",1
B09NC2TY11,2499,"5,999",0.58,4.1,"5,852",1
B0BDS8MY8J,199,999,0.8,4.2,362,0
B09X7DY7Q4,939,"1,800",0.48,4.5,"2,05,052",0
B09YV575RK,2499,"9,999",0.75,4,"9,090",1
B08LW31NQ6,1439,"2,890",0.5,4.5,"4,099",1
B09ND94ZRG,1099,"5,999",0.82,3.5,"12,966",1
B00P93X6EK,157,160,0.02,4.5,"4,428",1
B07KRCW6LZ,999,"1,599",0.38,4.3,"12,093",1
B0994GP1CX,115,999,0.88,3.3,"5,692",1
B07H8W9PB6,175,499,0.65,4.1,21,0
B09NNHFSSF,1999,"4,700",0.57,3.8,"1,880",0
B08D9NDZ1Y,3999,"4,332.96",0.08,3.5,"21,762",1
B0085IATT6,899,"1,800",0.5,4.1,"22,375",1
B08WJ86PV2,299,990,0.7,4.5,"2,453",1
B078HRR1XV,3303,"4,699",0.3,4.4,"13,544",1
B09P22HXH6,1890,"5,490",0.66,4.1,"10,976",1
B00LM4X3XE,90,100,0.1,4.3,"3,061",1
B09YLFHFDW,1599,"2,790",0.43,3.6,"2,272",0
B07YWS9SP9,599,999,0.4,4,"7,601",1
B002PD61Y4,507,"1,208",0.58,4.1,"8,131",1
B08WLY8V9S,425,899,0.53,4.5,"4,219",1
B0873L7J6X,1499,"3,999",0.63,4.2,"42,775",1
B07YNHCW6N,549,"2,499",0.78,4.3,"5,556",1
B07232M876,199,395,0.5,4.2,"92,595",1
B01MQ2A86A,1295,"1,645",0.21,4.6,"12,375",1
B00KIE28X0,310,310,0,4.5,"5,882",1
B08BQ947H3,149,149,0,4.3,"10,833",1
B0BHYJ8CVF,1149,"1,499",0.23,4.1,"10,443",1
B0BCVJ3PVP,499,"1,299",0.62,4.5,434,0
B0B2931FCV,999,"4,199",0.76,3.5,"1,913",0
B09TMZ1MF8,1709,"4,000",0.57,4.4,"3,029",1
B07VV37FT4,250,250,0,4.2,"2,628",1
B07P681N66,1199,"2,199",0.45,4.4,"24,780",1
B07JB2Y4SR,90,100,0.1,4.4,"10,718",1
B08KRMK9LZ,2025,"5,999",0.66,4.2,"6,233",1
B08LT9BMPP,1495,"1,995",0.25,4.5,"10,541",1
B082T6V3DT,799,"2,100",0.62,4.3,"8,188",1
B0814ZY6FP,899,"1,199",0.25,3.8,"10,751",1
B09F3PDDRF,349,999,0.65,3.9,817,0
B07X963JNS,900,"2,499",0.64,4,"36,384",1
B09LD3116F,2490,"3,990",0.38,4.1,"3,606",1
B08Y5QJTVK,116,200,0.42,4.4,357,0
B00LY1FN1K,200,230,0.13,4.4,"10,170",1
B07DJ5KYDZ,1249,"2,796",0.55,4.4,"4,598",1
B009LJ2BXA,649,999,0.35,3.5,"7,222",1
B09BVCVTBC,2649,"3,499",0.24,4.5,"1,271",1
B0BFWGBX61,199,349,0.43,4.1,314,0
B07SY4C3TD,596,723,0.18,4.4,"3,219",1
B094JB13XL,2499,"5,999",0.58,4.1,"38,879",1
B08CRRQK6Z,4999,"12,499",0.6,4.2,"4,541",1
B08MTLLSL8,399,"1,290",0.69,4.2,"76,042",1
B08Y57TPDM,116,200,0.42,4.3,485,0
B09CYTJV3N,4499,"5,999",0.25,4.3,"44,696",1
B07GLNJC25,330,499,0.34,3.7,"8,566",1
B08FY4FG5X,649,"2,499",0.74,3.9,"13,049",1
B07TMCXRFV,1234,"1,599",0.23,4.5,"16,680",1
B01FSYQ2A4,1399,"2,990",0.53,4.1,"97,174",1
B00LZPQVMK,272,320,0.15,4,"3,686",1
B08X77LM8C,99,999,0.9,3.8,594,0
B01EJ5MM5M,3498,"3,875",0.1,3.4,"12,185",1
B08J82K4GX,10099,"19,110",0.47,4.3,"2,623",0
B07Z1Z77ZZ,449,999,0.55,4.3,"9,701",1
B00DJ5N9VK,150,150,0,4.3,"15,867",1
B0B4DT8MKT,348,"1,499",0.77,4.2,656,0
B08FGNPQ9X,1199,"2,999",0.6,4.1,"10,725",1
B07NTKGW45,397,899,0.56,4,"3,025",1
B08CDKQ8T6,154,349,0.56,4.3,"7,064",1
B08J4PL1Z3,699,"1,490",0.53,4,"5,736",1
B07XJWTYM2,1679,"1,999",0.16,4.1,"72,563",1
B09939XJX8,354,"1,500",0.76,4,"1,026",0
B09MDCZJXS,1199,"5,499",0.78,3.8,"2,043",0
B08CTQP51L,379,"1,499",0.75,4.2,"4,149",1
B0BG62HMDJ,499,775,0.36,4.3,74,0
B08GTYFC37,10389,"32,000",0.68,4.4,"41,398",1
B08SBH499M,649,"1,300",0.5,4.1,"5,195",1
B08FYB5HHK,1199,"1,999",0.4,4.5,"22,420",1
B0994GFWBH,139,999,0.86,4,"1,313",0
B0B5GJRTHB,889,"1,999",0.56,4.2,"2,284",1
B09GBBJV72,1409,"2,199",0.36,3.9,427,0
B07P434WJY,549,"1,999",0.73,4.3,"1,367",0
B07T9FV9YP,749,"1,799",0.58,4,"13,199",1
B01GGKZ0V6,329,845,0.61,4.2,"29,746",1
B08WKFSN84,379,"1,099",0.66,4.3,"2,806",1
B09TBCVJS3,5998,"7,999",0.25,4.2,"30,355",1
B08TR61BVK,299,"1,499",0.8,4.2,"2,868",1
B0B2CPVXHX,379,"1,499",0.75,4.1,670,0
B08XNL93PL,1399,"2,999",0.53,4.3,"3,530",1
B088GXTJM3,699,"1,299",0.46,4.3,"6,183",1
B099S26HWG,300,300,0,4.2,419,0
B08461VC1Z,999,"1,995",0.5,4.5,"7,317",1
B00K32PEW4,535,535,0,4.4,"4,426",1
B09F9YQQ7B,13999,"24,999",0.44,4.2,"45,237",1
B07LFWP97N,269,"1,099",0.76,4.1,"1,092",0
B0746N6WML,341,450,0.24,4.3,"2,493",1
B07W9KYT62,2499,"3,999",0.38,4.4,"12,679",1
B0B5ZF3NRK,349,599,0.42,4.1,210,0
B08D9MNH4B,5899,"7,005",0.16,3.6,"4,199",1
B078G6ZF5Z,699,"1,199",0.42,4,"14,403",1
B09MKG4ZCM,1565,"2,999",0.48,4,"11,113",1
B07RZZ1QSW,326,799,0.59,4.4,"10,773",1
B08BCKN299,120,999,0.88,3.9,"6,491",1
B07222HQKP,657,999,0.34,4.3,"13,944",1
B00NFD0ETQ,1995,"2,895",0.31,4.6,"10,760",1
B075DB1F13,1500,"1,500",0,4.4,"25,996",1
B0148NPH9I,2640,"3,195",0.17,4.5,"16,146",1
B01JOFKL0A,5299,"6,355",0.17,3.9,"8,280",1
B09Q8HMKZX,263,699,0.62,4.1,450,0
B079S811J3,1990,"2,999",0.34,4.3,"14,237",1
B0083T231O,1289,"1,499",0.14,4.5,"20,668",1
B086PXQ2R4,165,165,0,4.5,"1,674",1
B07L1N3TJX,1699,"3,499",0.51,3.6,"7,689",1
B07YFWVRCM,2299,"7,500",0.69,4.1,"5,554",1
B01GGKYKQM,219,700,0.69,4.3,"20,053",1
B08TDJ5BVF,39,39,0,3.8,"3,344",1
B09XXZXQC1,26999,"37,999",0.29,4.6,"2,886",0
B083T5G5PM,1490,"1,990",0.25,4.1,"98,250",1
B0BHVPTM2C,398,"1,949",0.8,4,75,0
B0B86CDHL1,349,899,0.61,4.5,149,0
B01NBX5RSB,770,"1,547",0.5,4.3,"2,585",1
B08MWJTST6,279,"1,299",0.79,4,"5,072",1
B07R99NBVB,249,599,0.58,4.5,"5,985",1
B08R69VDHT,115,499,0.77,4,"7,732",1
B00LY12TH6,230,230,0,4.5,"9,427",1
B09RWZRCP1,399,999,0.6,4.1,"1,780",0
B08497Z1MQ,599,700,0.14,4.3,"2,301",1
B07KNM95JK,598,"1,150",0.48,4.1,"2,535",1
B09Q3M3WLJ,399,"1,499",0.73,4,691,0
B09B9SPC7F,499,"1,299",0.62,4.1,"2,740",1
B09CMP1SC8,199,499,0.6,4.1,602,0
B099SD8PRP,579,"1,090",0.47,4.4,"3,482",1
B09YLXYP7Y,179,399,0.55,4,"1,423",0
B00S2SEV7K,90,100,0.1,4.1,"6,199",1
B08WKCTFF3,899,"1,999",0.55,4.4,"1,667",1
B08498D67S,1149,"1,800",0.36,4.3,"4,723",1
B00C3GBCIS,249,499,0.5,4.2,"22,860",1
B00URH5E34,39,39,0,3.6,"13,572",1
B00EYW1U68,1599,"3,599",0.56,4.2,"16,182",1
B08SMJT55F,1199,"3,990",0.7,4.2,"2,908",1
B0B2DJDCPX,209,499,0.58,3.9,536,0
B08Y7MXFMK,1099,"1,499",0.27,4.2,"2,375",1
B086Q3QMFS,120,120,0,4.5,"4,951",1
B08498H13H,1519,"3,499",0.57,4.3,408,0
B07LFQLKFZ,420,420,0,4.2,"1,926",1
B00LY17RHI,225,225,0,4.1,"4,798",1
B07W14CHV8,199,799,0.75,4.1,"7,333",1
B0B9BXKBC7,1799,"3,999",0.55,4.6,245,0
B09F5Z694W,8349,"9,625",0.13,3.8,"3,652",1
B0B25LQQPC,3307,"6,100",0.46,4.3,"2,515",1
B07GVGTSLN,325,"1,299",0.75,4.2,"10,576",1
B01LYLJ99X,449,"1,300",0.65,4.2,"4,959",1
B014SZPBM4,380,400,0.05,4.4,"2,111",1
B08CZHGHKH,499,"1,399",0.64,3.9,"1,462",0
B0B2RBP83P,37247,"59,890",0.38,4,323,0
B078W65FJ7,849,"2,490",0.66,4.2,"91,188",1
B08S74GTBT,799,"1,999",0.6,3.7,418,0
B0B9BD2YL4,2599,"6,999",0.63,4.5,"1,526",1
B0BMXMLSMM,199,999,0.8,4.5,127,0
B0141EZMAI,269,800,0.66,3.6,"10,134",1
B07QMRHWJD,298,999,0.7,4.3,"1,552",1
B07W7Z6DVL,1499,"2,999",0.5,4.1,"25,262",1
B07WMS7TWB,649,"1,245",0.48,3.9,"1,23,365",0
B00H47GVGY,1199,"1,695",0.29,3.6,"13,300",1
B07VX71FZP,1199,"2,000",0.4,4,"18,543",1
B07NCKMXVZ,455,999,0.54,4.1,"3,578",1
B0B61DSF17,199,"1,999",0.9,3.7,"2,031",0
B07VQGVL68,293,499,0.41,3.9,"44,994",1
B01LWYDEQ7,199,495,0.6,4.1,"2,70,563",0
B07VNFP3C2,749,"1,245",0.4,3.9,"31,783",1
B00LUGTJGO,1399,"1,549",0.1,3.9,"2,602",1
B01MQZ7J8K,749,"1,445",0.48,3.9,"63,350",1
B01GFTEV5Y,1699,"3,193",0.47,3.8,"54,032",1
B00NW4UWN6,1043,"1,345",0.22,3.8,"15,592",1
B01NCVJMKX,499,999,0.5,4.1,"4,859",1
B00O24PUO6,1464,"1,650",0.11,4.1,"14,120",1
B07GXPDLYQ,249,499,0.5,3.3,"8,427",1
B01C8P29N0,625,"1,400",0.55,4.2,"23,316",1
B08KDBLMQP,1290,"2,500",0.48,4,"6,530",1
B078JDNZJ8,3600,"6,190",0.42,4.3,"11,924",1
B01M5F614J,6549,"13,999",0.53,4,"2,961",1
B083GKDRKR,1625,"2,995",0.46,4.5,"23,484",1
B097R2V1W8,2599,"5,890",0.56,4.1,"21,783",1
B07YR26BJ3,1199,"2,000",0.4,4,"14,030",1
B097R45BH8,5499,"13,150",0.58,4.2,"6,398",1
B09X5C9VLK,1299,"3,500",0.63,3.8,"44,050",1
B01C8P29T4,599,785,0.24,4.2,"24,247",1
B00HVXS7WC,1999,"3,210",0.38,4.2,"41,349",1
B096YCN3SD,549,"1,000",0.45,3.6,"1,074",0
B09LQH3SD9,999,"2,000",0.5,3.8,"1,163",0
B09KNMLH4Y,398,"1,999",0.8,4.1,257,0
B00ABMASXG,539,720,0.25,4.1,"36,017",1
B07QDSN9V6,699,"1,595",0.56,4.1,"8,090",1
B00YMJ0OI8,2148,"3,645",0.41,4.1,"31,388",1
B0B8XNPQPN,3599,"7,950",0.55,4.2,136,0
B0814P4L98,351,999,0.65,4,"5,380",1
B008QTK47Q,1614,"1,745",0.08,4.3,"37,974",1
B088ZTJT2R,719,"1,295",0.44,4.2,"17,218",1
B0BK1K598K,678,"1,499",0.55,4.2,900,0
B09Y5FZK9N,809,"1,545",0.48,3.7,976,0
B09J2SCVQT,1969,"5,000",0.61,4.1,"4,927",1
B00TDD0YM4,1490,"1,695",0.12,4.4,"3,543",1
B078KRFWQB,2499,"3,945",0.37,3.8,"2,732",1
B07SRM58TP,1665,"2,099",0.21,4,"14,368",1
B00EDJJ7FS,3229,"5,295",0.39,4.2,"39,724",1
B0832W3B7Q,1799,"3,595",0.5,3.8,"9,791",1
B07WNK1FFN,1260,"1,699",0.26,4.2,"2,891",1
B009P2LK08,749,"1,129",0.34,4,"2,446",1
B07DGD4Z4C,3499,"5,795",0.4,3.9,"25,340",1
B07GMFY9QM,379,999,0.62,4.3,"3,096",1
B0BGPN4GGH,1099,"2,400",0.54,3.8,4,0
B0B2DZ5S6R,749,"1,299",0.42,4,119,0
B07S851WX5,1299,"1,299",0,4.2,"40,106",1
B01MY839VW,549,"1,090",0.5,4.2,"13,029",1
B09LV1CMGH,899,"2,000",0.55,3.6,291,0
B01EY310UM,1321,"1,545",0.14,4.3,"15,453",1
B09NL7LBWT,1099,"1,999",0.45,4,604,0
B008YW8M0G,775,875,0.11,4.2,"46,647",1
B097R3XH9R,6299,"15,270",0.59,4.1,"3,233",1
B08TM71L54,3190,"4,195",0.24,4,"1,282",0
B0BPBXNQQT,799,"1,989",0.6,4.3,70,0
B00W56GLOQ,2699,"5,000",0.46,4,"26,164",1
B0883KDSXC,599,990,0.39,3.9,"16,166",1
B078V8R9BS,749,"1,111",0.33,4.2,"35,693",1
B08GSQXLJ2,6199,"10,400",0.4,4.1,"14,391",1
B01M5B0TPW,1819,"2,490",0.27,4.4,"7,946",1
B082KVTRW8,1199,"1,900",0.37,4,"1,765",0
B08CFJBZRK,3249,"6,295",0.48,3.8,"14,062",1
B07H3WDC4X,349,999,0.65,4,"15,646",1
B09ZTZ9N3Q,1049,"1,699",0.38,3.1,111,0
B083P71WKK,799,"1,500",0.47,4.3,"9,695",1
B097R4D42G,4999,"9,650",0.48,4.2,"1,772",0
B07MKMFKPG,6999,"10,590",0.34,4.4,"11,499",1
B0949FPSFY,799,"1,999",0.6,4.1,"2,162",1
B08F47T4X5,89,89,0,4.2,"19,621",1
B01M0505SJ,1400,"2,485",0.44,4.1,"19,998",1
B08D6RCM3Q,355,899,0.61,4.1,"1,051",0
B009P2LITG,2169,"3,279",0.34,4.1,"1,716",0
B00V9NHDI4,2799,"3,799",0.26,3.9,"32,931",1
B07WGPBXY9,899,"1,249",0.28,3.9,"17,424",1
B00KRCBA6E,2499,"5,000",0.5,3.8,"1,889",0
B0B3X2BY3M,3599,"7,299",0.51,4,"10,324",1
B00F159RIK,499,625,0.2,4.2,"5,355",1
B08MV82R99,653,"1,020",0.36,4.1,"3,366",1
B09VKWGZD7,4789,"8,990",0.47,4.3,"1,017",0
B009P2LK80,1409,"1,639",0.14,3.7,787,0
B00A7PLVU6,753,899,0.16,4.2,"18,462",1
B0B25DJ352,353,"1,199",0.71,4.3,629,0
B013B2WGT6,1099,"1,899",0.42,4.3,"15,276",1
B097RJ867P,8799,"11,595",0.24,4.4,"2,981",1
B091V8HK8Z,1345,"1,750",0.23,3.8,"2,466",0
B071VNHMX2,2095,"2,095",0,4.5,"7,949",1
B08MVSGXMY,1498,"2,300",0.35,3.8,95,0
B00H0B29DI,2199,"2,990",0.26,3.8,"1,558",0
B01GZSQJPA,3699,"4,295",0.14,4.1,"26,543",1
B08VGFX2B6,177,199,0.11,4.1,"3,688",1
B09GYBZPHF,1149,"2,499",0.54,3.8,"4,383",1
B0B4KPCBSH,244,499,0.51,3.3,478,0
B09CGLY5CX,1959,"2,400",0.18,4,237,0
B09JN37WBX,319,749,0.57,4.6,124,0
B01I1LDZGA,1499,"1,775",0.16,3.9,"14,667",1
B0BN2576GQ,469,"1,599",0.71,3.7,6,0
B06XPYRWV5,1099,"1,795",0.39,4.2,"4,244",1
B01N1XVVLC,9590,"15,999",0.4,4.1,"1,017",0
B00O2R38C4,999,"1,490",0.33,4.1,"12,999",1
B0B2CZTCL2,1299,"1,999",0.35,3.8,311,0
B00PVT30YI,292,499,0.41,4.1,"4,238",1
B00SH18114,160,299,0.46,4.6,"2,781",1
B00E9G8KOY,600,600,0,4.1,"10,907",1
B00H3H03Q4,1130,"1,130",0,4.2,"13,250",1
B0756K5DYZ,3249,"6,295",0.48,3.9,"43,070",1
B0188KPKB2,3599,"9,455",0.62,4.1,"11,828",1
B091KNVNS9,368,699,0.47,4.1,"1,240",0
B075JJ5NQC,3199,"4,999",0.36,4,"20,869",1
B0B5KZ3C53,1599,"2,900",0.45,3.7,441,0
,1999,"2,499",0.2,4.1,"1,034",0
B008YW3CYM,616,"1,190",0.48,4.1,"37,126",1
B07QHHCB27,1499,"2,100",0.29,4.1,"6,355",1
B0BMFD94VD,199,499,0.6,3.3,12,0
B00HZIOGXW,610,825,0.26,4.1,"13,165",1
B09CKSYBLR,999,"1,499",0.33,4.1,"1,646",0
B072J83V9W,8999,"9,995",0.1,4.4,"17,994",1
B09MTLG4TP,453,999,0.55,4.3,610,0
B097XJQZ8H,2464,"6,000",0.59,4.1,"8,866",1
B00935MD1C,2719,"3,945",0.31,3.7,"13,406",1
B0BR4F878Q,1439,"1,999",0.28,4.8,"53,803",1
B0B3G5XZN5,2799,"3,499",0.2,4.5,546,0
B07WKB69RS,2088,"5,550",0.62,4,"5,292",1
B09DL9978Y,2399,"4,590",0.48,4.1,444,0
B06XMZV7RH,308,499,0.38,3.9,"4,584",1
B09WMTJPG7,2599,"4,400",0.41,4.1,"14,947",1
B09ZK6THRR,479,"1,000",0.52,4.2,"1,559",0
B07MP21WJD,245,299,0.18,4.1,"1,660",0
B09XB1R2F3,179,799,0.78,3.5,132,0
B08Y5QJXSR,3569,"5,190",0.31,4.3,"28,629",1
B07WJXCTG9,699,"1,345",0.48,3.9,"8,446",1
B09NBZ36F7,2089,"4,000",0.48,4.2,"11,199",1
B0912WJ87V,2339,"4,000",0.42,3.8,"1,118",0
B0BMTZ4T1D,784,"1,599",0.51,4.5,11,0
