Product_ID,discounted_price,actual_price,discount_percentage,rating_count,Label
368A1BA1E,399.0,1099.0,64.00%,24269,1
90A45FEFA,199.0,349.0,43.00%,43994,1
8BFC20522,199.0,1899.0,90.00%,7928,1
A78E3C2EC,329.0,699.0,53.00%,94363,1
95FB2ED9B,154.0,399.0,61.00%,16905,1
90F55497B,149.0,1000.0,85.00%,24871,1
013FE8699,176.63,499.0,65.00%,15188,1
DC8110EE4,229.0,299.0,23.00%,30411,1
C10E597AA,199.0,299.0,33.00%,43994,1
62CE37530,154.0,339.0,55.00%,13391,1
F9201B219,299.0,799.0,63.00%,94363,1
8B85A3AE9,350.0,899.0,61.00%,2262,1
A9B7337F6,159.0,399.0,60.00%,4768,1
46CC8DECE,349.0,399.0,13.00%,18757,1
D3EA29726,13999.0,24999.0,44.00%,32840,1
674E36DF5,249.0,399.0,38.00%,43994,1
95237A8B0,199.0,499.0,60.00%,13045,1
F71D044C0,13490.0,21990.0,39.00%,11976,1
D569659B7,970.0,1799.0,46.00%,815,0
748167365,279.0,499.0,44.00%,10962,1
5A3FEA2DB,13490.0,22900.0,41.00%,16299,1
9C41F696F,59.0,199.0,70.00%,9378,1
C08E98431,11499.0,19990.0,42.00%,4703,1
F7F7F92FB,199.0,699.0,72.00%,12153,1
EF4049A03,14999.0,19999.0,25.00%,34899,1
041ADC511,299.0,399.0,25.00%,2766,1
6A796C7EF,970.0,1999.0,51.00%,184,0
F88768151,299.0,999.0,70.00%,20850,1
9357DC349,199.0,750.0,73.00%,74976,1
11228A095,179.0,499.0,64.00%,1934,0
5A1B8A201,389.0,1099.0,65.00%,974,0
B95C34E54,599.0,599.0,0.00%,355,0
9FD4F4225,199.0,999.0,80.00%,1075,0
635A84185,99.0,666.66,85.00%,24871,1
EA20312AD,899.0,1900.0,53.00%,13552,1
8DAFE2BCF,199.0,999.0,80.00%,576,0
F17600135,32999.0,45999.0,28.00%,7298,1
98F8D2FB8,970.0,1999.0,51.00%,462,0
21A63E37D,19999.0,34999.0,43.00%,27151,1
B8A9174FC,399.0,1099.0,64.00%,24269,1
DF61AA264,999.0,1599.0,38.00%,12093,1
FF839D52D,59.0,199.0,70.00%,9378,1
A35E2998D,333.0,999.0,67.00%,9792,1
322189132,507.0,1208.0,58.00%,8131,1
66259F5BA,399.0,999.0,60.00%,493,0
EBE509ABB,199.0,395.0,50.00%,92595,1
5C8230BE6,1199.0,2199.0,45.00%,24780,1
E1A73F155,179.0,500.0,64.00%,92595,1
486D2EA9D,799.0,2100.0,62.00%,8188,1
C9528DCD1,6999.0,12999.0,46.00%,4003,1
7E0001EF7,199.0,349.0,43.00%,314,0
CA546E0FA,230.0,499.0,54.00%,2960,1
AA774F80E,15999.0,21999.0,27.00%,34899,1
6BE61A906,348.0,1499.0,77.00%,656,0
EE4D67073,154.0,349.0,56.00%,7064,1
8F2578EBE,179.0,799.0,78.00%,2201,0
1627A6F29,32990.0,47900.0,31.00%,7109,1
C6D13FE67,139.0,999.0,86.00%,1313,0
E6F9E3716,329.0,845.0,61.00%,29746,1
F7BE1990C,13999.0,24999.0,44.00%,45238,1
B1FAB5406,263.0,699.0,62.00%,450,0
DB27087D9,7999.0,14990.0,47.00%,457,0
727D0D16E,1599.0,2999.0,47.00%,2727,1
04B2CB209,219.0,700.0,69.00%,20053,1
038B0A450,349.0,899.0,61.00%,149,0
D4797130D,349.0,599.0,42.00%,210,0
0010AD610,26999.0,42999.0,37.00%,45238,1
F13B1CB6D,115.0,499.0,77.00%,7732,1
924E539BB,399.0,999.0,60.00%,1780,0
A782C85A8,199.0,499.0,60.00%,602,0
F84C0BA81,179.0,399.0,55.00%,1423,0
F921CA33F,10901.0,30990.0,65.00%,398,0
9A46B602E,209.0,499.0,58.00%,536,0
5B1872336,1434.0,3999.0,64.00%,32,0
D952E593F,399.0,1099.0,64.00%,24269,1
60DD0A91A,139.0,249.0,44.00%,9378,1
8E2619F90,7299.0,19125.0,62.00%,902,0
909DFAF85,299.0,799.0,63.00%,28791,1
8A8365074,325.0,1299.0,75.00%,10576,1
5CEB9F7F8,29999.0,39999.0,25.00%,7298,1
4AE24358E,27999.0,40990.0,32.00%,4703,1
F177182E0,30990.0,52900.0,41.00%,7109,1
48AD06F1C,199.0,999.0,80.00%,127,0
C9B2E9442,649.0,1999.0,68.00%,24269,1
AF92F9116,269.0,800.0,66.00%,10134,1
D5D5EF436,24999.0,31999.0,22.00%,34899,1
A114B7F40,299.0,699.0,57.00%,94363,1
135F52283,199.0,999.0,80.00%,425,0
1A09269D4,18990.0,40990.0,54.00%,6659,1
69EA1EAD2,290.0,349.0,17.00%,1977,0
7D127E1FB,249.0,799.0,69.00%,1079,0
5697994A4,345.0,999.0,65.00%,1097,0
26C89BE91,1099.0,1899.0,42.00%,22420,1
617189EDF,719.0,1499.0,52.00%,1045,0
08D2AE9A2,349.0,1499.0,77.00%,4145,1
505B6E5BA,849.0,1809.0,53.00%,6547,1
B03B6C2D7,299.0,899.0,67.00%,1588,0
DB6806699,21999.0,29999.0,27.00%,32840,1
BA2610B00,349.0,999.0,65.00%,13120,1
86D6106BC,399.0,999.0,60.00%,2806,1
C08B0D599,449.0,1299.0,65.00%,24269,1
B8D2B66E3,299.0,999.0,70.00%,766,0
D0BC780E5,37999.0,65000.0,42.00%,3587,0
E34170D70,99.0,800.0,88.00%,24871,1
A571F8E07,7390.0,20000.0,63.00%,2581,0
CE9D662F6,273.1,999.0,73.00%,20850,1
DDABD44D8,15990.0,23990.0,33.00%,1035,0
BF6192C5C,399.0,999.0,60.00%,1780,0
F55EF7A53,399.0,1999.0,80.00%,505,0
F552F737D,210.0,399.0,47.00%,1717,0
3227DE373,1299.0,1999.0,35.00%,590,0
2FBE194DA,347.0,999.0,65.00%,1121,0
6CCBCAC89,149.0,999.0,85.00%,1313,0
E48E920A7,228.0,899.0,75.00%,132,0
43D846E87,1599.0,1999.0,20.00%,1951,1
597EEC6F7,1499.0,3999.0,63.00%,37,0
05926CD33,8499.0,15999.0,47.00%,592,0
BC3FD03F4,20990.0,44990.0,53.00%,1259,0
777577A05,32999.0,44999.0,27.00%,45238,1
32157F4B0,799.0,1700.0,53.00%,28638,1
08ADC46E7,229.0,595.0,62.00%,12835,1
2DE0C1CB1,9999.0,27990.0,64.00%,1269,0
D950CFAA7,349.0,599.0,42.00%,284,0
084D46616,489.0,1200.0,59.00%,69538,1
A888B3DBC,23999.0,34990.0,31.00%,4703,1
A968FCEF5,399.0,999.0,60.00%,2806,1
08E13EB0D,349.0,1299.0,73.00%,3295,1
8B91B2D0F,179.0,299.0,40.00%,81,0
3F7A3439C,689.0,1500.0,54.00%,42301,1
2467E39A4,30990.0,49990.0,38.00%,1376,0
716AA0E5E,249.0,931.0,73.00%,1075,0
B49CABA17,999.0,2399.0,58.00%,3664,1
E586C96B6,399.0,399.0,0.00%,1951,0
D3CBF9D45,349.0,699.0,50.00%,20850,1
339D5D8F3,399.0,1099.0,64.00%,2685,1
4FA2A6CB5,1699.0,2999.0,43.00%,24780,1
37655B953,655.0,1099.0,40.00%,285,0
5CBA6A404,9999.0,12999.0,23.00%,6088,1
C4B54F36F,195.0,499.0,61.00%,1383,0
DF95B8669,999.0,2100.0,52.00%,5492,1
CA8DAF9E3,499.0,899.0,44.00%,919,0
C15718211,416.0,599.0,31.00%,30023,1
E8B34781E,368.0,699.0,47.00%,387,0
B77D3B1D5,29990.0,65000.0,54.00%,211,0
38F30B0E8,339.0,1099.0,69.00%,974,0
F72BBF08A,15490.0,20900.0,26.00%,16299,1
496B7363E,499.0,1299.0,62.00%,30411,1
D02BD074E,249.0,399.0,38.00%,4642,1
D659B95BA,399.0,799.0,50.00%,12,0
9BFBBA4CE,1499.0,1999.0,25.00%,1951,1
853516890,9490.0,15990.0,41.00%,10480,1
014E0D389,637.0,1499.0,58.00%,24,0
6A3E926C3,399.0,899.0,56.00%,254,0
6808D3B1D,1089.0,1600.0,32.00%,3565,1
E8B225843,339.0,999.0,66.00%,6255,1
61EE1F57B,149.0,499.0,70.00%,7732,1
4B00AF085,149.0,399.0,63.00%,57,0
7E1C8F47E,599.0,849.0,29.00%,577,0
84B9514F1,299.0,1199.0,75.00%,1193,0
BBA6CE4A9,399.0,1299.0,69.00%,13120,1
0440A4A9D,339.0,1999.0,83.00%,343,0
0206DAA04,12499.0,22990.0,46.00%,1611,0
FF39D3CC7,249.0,399.0,38.00%,6558,1
8219E5744,1399.0,2499.0,44.00%,23169,1
7F24394E8,32999.0,47990.0,31.00%,4703,1
C2163E1D6,149.0,399.0,63.00%,1423,0
3C3B2D008,325.0,999.0,67.00%,2651,1
FC71881AC,399.0,1999.0,80.00%,5,0
22975D8BE,199.0,499.0,60.00%,612,0
126A9B463,88.0,299.0,71.00%,9378,1
418D0DEE9,399.0,1099.0,64.00%,2685,1
35BCA1667,57.89,199.0,71.00%,9378,1
FF45FF31A,799.0,1999.0,60.00%,576,0
6B611BAB4,205.0,499.0,59.00%,313,0
151063D6E,299.0,699.0,57.00%,2957,1
26530C8AC,849.0,999.0,15.00%,6736,1
28C7F81A4,949.0,1999.0,53.00%,13552,1
9F7C1F8BE,499.0,1200.0,58.00%,5451,1
C43D28D29,299.0,485.0,38.00%,10911,1
29647A267,949.0,1999.0,53.00%,13552,1
5803A53EE,379.0,1099.0,66.00%,2806,1
599CB3FDD,8990.0,18990.0,53.00%,350,0
525329DF8,486.0,1999.0,76.00%,30023,1
0B3212720,5699.0,11000.0,48.00%,4003,1
0DBD9E8B3,47990.0,70900.0,32.00%,7109,1
582B2E0AC,299.0,1199.0,75.00%,490,0
464E9D95A,320.0,599.0,47.00%,491,0
A34852A21,139.0,549.0,75.00%,61,0
A99DEF5A6,129.0,249.0,48.00%,9378,1
A6E21AC4F,24999.0,35999.0,31.00%,32840,1
ACE21D01A,999.0,1699.0,41.00%,7318,1
39487045B,225.0,499.0,55.00%,789,0
6E3FA1B72,547.0,2999.0,82.00%,407,0
D5E8B61CC,259.0,699.0,63.00%,2399,0
E68061CC1,239.0,699.0,66.00%,2640,1
07A360093,349.0,999.0,65.00%,839,0
FF788A8E8,467.0,599.0,22.00%,44054,1
4850E8E69,449.0,599.0,25.00%,3231,1
F1D227CB8,11990.0,31990.0,63.00%,64,0
AE6BA029A,350.0,599.0,42.00%,8314,1
FC0158529,252.0,999.0,75.00%,2249,0
E2504A2E9,204.0,599.0,66.00%,339,0
B175F2716,6490.0,9990.0,35.00%,27,0
516EB8C50,235.0,599.0,61.00%,197,0
8D6B6473F,299.0,800.0,63.00%,74977,1
29885D313,799.0,1999.0,60.00%,8583,1
E807608FF,299.0,999.0,70.00%,928,0
CEEB18B1E,6999.0,16990.0,59.00%,110,0
8ABB6010A,42999.0,59999.0,28.00%,6753,1
EA1E312C4,173.0,999.0,83.00%,1237,0
F5A534AE8,209.0,600.0,65.00%,18872,1
6ABEED747,848.99,1490.0,43.00%,356,0
178C87E79,649.0,1999.0,68.00%,24269,1
102526513,299.0,899.0,67.00%,425,0
49F79E1FF,399.0,799.0,50.00%,1161,0
2D1475C47,249.0,499.0,50.00%,1508,0
63A83138F,1249.0,2299.0,46.00%,7636,1
12022CEF4,213.0,499.0,57.00%,246,0
ED9C0A7EE,209.0,499.0,58.00%,479,0
7B3A88798,598.0,4999.0,88.00%,910,0
5365958DB,799.0,1749.0,54.00%,5626,1
6CBD92E48,159.0,595.0,73.00%,14184,1
73FB27107,499.0,1100.0,55.00%,25177,1
8E3D1AD11,31999.0,49999.0,36.00%,21252,1
8B1740957,32990.0,56790.0,42.00%,567,0
E8093BCC0,299.0,1199.0,75.00%,466,0
12499926A,128.31,549.0,77.00%,61,0
86E7D4BF8,599.0,849.0,29.00%,474,0
2391305BD,399.0,899.0,56.00%,431,0
DBF6FC6DF,449.0,1099.0,59.00%,242,0
F9DA7DED7,254.0,799.0,68.00%,2905,1
FA27EA111,399.0,795.0,50.00%,12091,1
8062F9933,179.0,399.0,55.00%,1423,0
76E3D3B17,339.0,999.0,66.00%,6255,1
7F9BEDF21,399.0,999.0,60.00%,1236,0
BBC3D59D9,199.0,399.0,50.00%,1335,0
795481927,349.0,1999.0,83.00%,197,0
84AFACE8C,299.0,798.0,63.00%,28791,1
54118631F,89.0,800.0,89.00%,1075,0
B848FAFB5,549.0,995.0,45.00%,29746,1
0C426978D,129.0,1000.0,87.00%,295,0
9F17DC6C5,349.0,799.0,56.00%,323,0
A2D23EBC2,499.0,899.0,44.00%,185,0
8BF98E8AF,299.0,799.0,63.00%,2117,1
7C2EA18EB,182.0,599.0,70.00%,9378,1
8A499BDBF,96.0,399.0,76.00%,1796,0
4B5EBBE5C,54990.0,85000.0,35.00%,3587,0
CE76ACA8E,439.0,758.0,42.00%,4296,1
2FA7ED5FB,299.0,999.0,70.00%,2651,1
E1313127F,299.0,799.0,63.00%,94363,1
4F9E941EB,789.0,1999.0,61.00%,34540,1
433DBE070,299.0,700.0,57.00%,8714,1
E0E798F78,325.0,1099.0,70.00%,10576,1
60A9CB69B,1299.0,1999.0,35.00%,7318,1
44193186C,790.0,1999.0,60.00%,103,0
920C63850,4699.0,4699.0,0.00%,224,0
CE7BAF6DB,18999.0,24990.0,24.00%,4702,1
8C1A37ECB,199.0,999.0,80.00%,85,0
689D03481,269.0,650.0,59.00%,35877,1
8AB8FEA3E,1990.0,3100.0,36.00%,897,0
083B0EDA0,2299.0,3999.0,43.00%,282,0
36AF4BC3E,35999.0,49990.0,28.00%,1611,0
138DC294C,349.0,999.0,65.00%,513,0
AFCE7653D,719.0,1499.0,52.00%,1045,0
06EF48316,8999.0,18999.0,53.00%,6347,1
1E4266300,917.0,2299.0,60.00%,3300,1
A7C6BBFC3,399.0,999.0,60.00%,23,0
89956B8C8,45999.0,69900.0,34.00%,7109,1
8DB141FA1,119.0,299.0,60.00%,51,0
D926DDCD6,21999.0,29999.0,27.00%,32840,1
F64C2C6EE,299.0,599.0,50.00%,708,0
5EE128DA3,21990.0,34990.0,37.00%,1657,0
49056077A,417.44,670.0,38.00%,523,0
0C4171A15,47990.0,79990.0,40.00%,1376,0
40983E8B7,215.0,499.0,57.00%,121,0
86AAAF1AE,99.0,800.0,88.00%,1075,0
FE2CA57A2,18999.0,35000.0,46.00%,1001,0
A26E310AC,249.0,999.0,75.00%,112,0
3DE03AF21,7999.0,15999.0,50.00%,3022,0
CF847D47E,649.0,1600.0,59.00%,5451,1
87B93CCFD,1289.0,2499.0,48.00%,73,0
489EA4789,609.0,1500.0,59.00%,1029,0
AF622A166,32990.0,54990.0,40.00%,1555,0
71FC29E49,599.0,1999.0,70.00%,47,0
F8CD00C88,349.0,899.0,61.00%,14896,1
A557643C4,29999.0,50999.0,41.00%,1712,0
C64619A05,199.0,399.0,50.00%,1335,0
988DA2A48,349.0,699.0,50.00%,214,0
13E803158,1850.0,4500.0,59.00%,184,0
8C5226742,13990.0,28900.0,52.00%,7,0
2CF8B2BB6,129.0,449.0,71.00%,41,0
37744DCB6,379.0,999.0,62.00%,12153,1
7BC9AB5A7,185.0,499.0,63.00%,25,0
65AFE4C87,218.0,999.0,78.00%,163,0
BF1C72923,199.0,999.0,80.00%,87,0
7F2F420C5,499.0,900.0,45.00%,2165,1
9768A8BBE,26999.0,42999.0,37.00%,1510,0
0AC13BBBB,893.0,1052.0,15.00%,106,0
A175D0E6C,10990.0,19990.0,45.00%,129,0
69C5C8484,379.0,1099.0,66.00%,3049,1
DE9DEE4B1,16999.0,25999.0,35.00%,32840,1
370B098F1,699.0,1899.0,63.00%,390,0
EACEBF6B9,2699.0,3500.0,23.00%,621,0
F0B1CDAEF,129.0,599.0,78.00%,265,0
908E2B76F,389.0,999.0,61.00%,838,0
A139A5AEC,246.0,600.0,59.00%,143,0
F268A8F28,299.0,799.0,63.00%,151,0
47C2CC282,247.0,399.0,38.00%,200,0
C9803FF62,1369.0,2999.0,54.00%,227,0
FC4524615,199.0,499.0,60.00%,538,0
C62322AEA,299.0,599.0,50.00%,171,0
E752DF243,14999.0,14999.0,0.00%,27508,1
506F5B908,299.0,699.0,57.00%,1454,0
DFBD1CD1C,24990.0,51990.0,52.00%,2951,0
DC63ECCB2,61999.0,69999.0,11.00%,6753,1
28D3C09E8,24499.0,50000.0,51.00%,3518,0
B7E338CC8,10499.0,19499.0,46.00%,1510,0
6AC668EE4,349.0,999.0,65.00%,838,0
82C553320,197.0,499.0,61.00%,136,0
D0ECB71CB,1299.0,2499.0,48.00%,301,0
EBF6ABB85,1519.0,1899.0,20.00%,19763,1
3964DD5BA,46999.0,69999.0,33.00%,21252,1
20E7046E5,299.0,799.0,63.00%,1902,1
5CCEFD97C,1799.0,19999.0,91.00%,13937,1
0721B0C32,1998.0,9999.0,80.00%,27696,1
A28C9CA81,1999.0,7990.0,75.00%,17831,1
053AAA4E2,6499.0,8999.0,28.00%,7807,1
D9C4878B9,28999.0,28999.0,0.00%,17415,1
018DEC9E5,28999.0,28999.0,0.00%,17415,1
42753BE51,6499.0,8999.0,28.00%,7807,1
3ED2EBC1D,6499.0,8999.0,28.00%,7807,1
9CEC96187,569.0,1000.0,43.00%,67259,1
8B72BB0B3,1898.0,4999.0,62.00%,10689,1
375416BAA,1499.0,6990.0,79.00%,21796,1
AE6825D25,9499.0,11999.0,21.00%,284,0
44BC85BAE,599.0,2499.0,76.00%,58162,1
FEE221928,8999.0,11999.0,25.00%,12796,1
8A28D7AD3,349.0,1299.0,73.00%,14282,1
5B1B01B90,959.0,1800.0,47.00%,67259,1
F68FA54B0,9499.0,11999.0,21.00%,284,0
F19A69A9A,1499.0,2499.0,40.00%,15970,1
40A1ED222,349.0,999.0,65.00%,46399,1
92AAB43FB,1219.0,1699.0,28.00%,8891,1
6871B5448,1599.0,3999.0,60.00%,30254,1
70BDA58DA,1499.0,7999.0,81.00%,22636,1
82031B073,18499.0,25999.0,29.00%,22318,1
286221AFB,369.0,700.0,47.00%,67259,1
950B1D9E5,12999.0,17999.0,28.00%,18998,1
D41232502,1799.0,19999.0,91.00%,13937,1
412704C1A,2199.0,9999.0,78.00%,29471,1
063F60A78,16999.0,24999.0,32.00%,22318,1
790A514F7,16499.0,20999.0,21.00%,21350,1
2856C8164,1799.0,19999.0,91.00%,13937,1
48EFC82B8,399.0,1099.0,64.00%,24270,1
F8C9BB4D5,1799.0,19999.0,91.00%,13937,1
3A1C54FE4,8999.0,11999.0,25.00%,12796,1
6D1797F60,139.0,495.0,72.00%,14185,1
C4B3DCB1A,3999.0,16999.0,76.00%,17159,1
EE3DD22D7,2998.0,5999.0,50.00%,5179,1
F243D948B,199.0,349.0,43.00%,43993,1
6E4B99A51,15499.0,18999.0,18.00%,19252,1
DCD54B89C,199.0,999.0,80.00%,7928,1
C73CFB484,1799.0,19999.0,91.00%,13937,1
3F1FFE0B3,8999.0,11999.0,25.00%,12796,1
C345B0566,873.0,1699.0,49.00%,1680,1
9B2277AB7,12999.0,15999.0,19.00%,13246,1
BD4A73CEC,539.0,1599.0,66.00%,14648,1
A20DFD494,1999.0,9999.0,80.00%,27696,1
85250D7C2,15490.0,20990.0,26.00%,32916,1
187665095,19999.0,24999.0,20.00%,25824,1
1D5571A17,1075.0,1699.0,37.00%,7462,1
642F6ABAA,399.0,699.0,43.00%,37817,1
5956105AE,1999.0,3990.0,50.00%,30254,1
4D0BCC8D2,1999.0,7990.0,75.00%,17831,1
C004DC39E,329.0,699.0,53.00%,94364,1
0ED226991,154.0,399.0,61.00%,16905,1
823CA73D3,28999.0,34999.0,17.00%,20311,1
EA543FE76,2299.0,7990.0,71.00%,69622,1
AEDAB39B3,399.0,1999.0,80.00%,3382,1
62F39E7A7,529.0,1499.0,65.00%,8599,1
45CEBC635,13999.0,19499.0,28.00%,18998,1
20E44CB6E,13999.0,19999.0,30.00%,19252,1
A61214CC7,3999.0,9999.0,60.00%,73,0
8502B49F5,149.0,1000.0,85.00%,24870,1
62F847A70,99.0,499.0,80.00%,42641,1
55F786D96,4790.0,15990.0,70.00%,4390,1
67E723327,33999.0,33999.0,0.00%,17415,1
A0589C4DF,99.0,999.0,90.00%,1396,0
F2359BB83,299.0,1900.0,84.00%,18202,1
70176423B,10999.0,14999.0,27.00%,18998,1
9049A160A,34999.0,38999.0,10.00%,11029,1
CAEFD5AD6,16999.0,24999.0,32.00%,22318,1
E37171ACA,199.0,499.0,60.00%,1786,0
BB19D9E46,999.0,1599.0,38.00%,7222,1
13F4A795E,599.0,1800.0,67.00%,83996,1
CA788E585,1799.0,2499.0,28.00%,18678,1
A94711255,176.63,499.0,65.00%,15189,1
076F4B1E4,10999.0,14999.0,27.00%,18998,1
08F7DE6C0,2999.0,7990.0,62.00%,48449,1
06D27D46F,1999.0,7990.0,75.00%,17831,1
6A50BC54E,229.0,299.0,23.00%,30411,1
2E026CD3E,199.0,299.0,33.00%,43994,1
49E485F98,649.0,999.0,35.00%,1315,0
5F8FC537D,13999.0,19499.0,28.00%,18998,1
836FD0ED7,119.0,299.0,60.00%,5999,1
940A64F2A,12999.0,17999.0,28.00%,50772,1
7C0AA8795,154.0,339.0,55.00%,13391,1
9A65DDB0C,20999.0,26999.0,22.00%,25824,1
49992AEFF,249.0,649.0,62.00%,14404,1
8A3AC3BD4,99.0,171.0,42.00%,11339,1
5E673CD3D,489.0,1999.0,76.00%,3626,1
4AB7CD91C,369.0,1600.0,77.00%,32625,1
A420C8243,15499.0,20999.0,26.00%,19252,1
97ECDE6F2,15499.0,18999.0,18.00%,19252,1
4EAAB5665,22999.0,28999.0,21.00%,25824,1
2FB912497,134.0,699.0,81.00%,16685,1
B9AE54FA1,7499.0,7999.0,6.00%,30907,1
3D16EF6E0,13999.0,19999.0,30.00%,19252,1
67155AF6D,299.0,799.0,63.00%,94364,1
BB7EFCAE6,999.0,1599.0,38.00%,7222,1
E8599A46E,12999.0,17999.0,28.00%,18998,1
7A01CA05D,15490.0,20990.0,26.00%,32916,1
BBD73EA60,999.0,2899.0,66.00%,26603,1
E892972BE,1599.0,4999.0,68.00%,67950,1
1279B38FC,20999.0,29990.0,30.00%,9499,1
38FB35315,999.0,1999.0,50.00%,1777,1
87A955CDF,12490.0,15990.0,22.00%,58506,1
7D36C7E6F,17999.0,21990.0,18.00%,21350,1
556BB6A13,350.0,899.0,61.00%,2263,1
626C5FC19,1399.0,1630.0,14.00%,9378,1
8BB651A10,159.0,399.0,60.00%,4768,1
06462D23B,1499.0,6990.0,79.00%,21796,1
8E39AF97F,1999.0,7990.0,75.00%,17833,1
FF52E4FFC,999.0,2899.0,66.00%,7779,1
6750AB98A,2099.0,5999.0,65.00%,17129,1
8757F615F,337.0,699.0,52.00%,4969,1
B11BD5499,2999.0,7990.0,62.00%,154,0
81F479D99,1299.0,5999.0,78.00%,4415,1
FB344524B,349.0,399.0,13.00%,18757,1
A4F1B2A83,16499.0,20990.0,21.00%,21350,1
C2D3DE674,499.0,499.0,0.00%,31539,1
8C8F95F94,970.0,1799.0,46.00%,815,0
25604563E,999.0,2899.0,66.00%,6129,1
9AE2DEB70,10499.0,13499.0,22.00%,284,0
2F72B2680,249.0,399.0,38.00%,43994,1
F1C3F03B8,251.0,999.0,75.00%,3234,1
446E47297,199.0,499.0,60.00%,13045,1
6F790CC69,2999.0,9999.0,70.00%,20879,1
DA50B7CE2,279.0,1499.0,81.00%,2646,1
E0678EC1A,269.0,1499.0,82.00%,28978,1
CEEBB07D8,8999.0,13499.0,33.00%,3145,0
F439F5739,59.0,199.0,70.00%,9377,1
B282A9821,349.0,999.0,65.00%,16557,1
4566E7B1E,13999.0,19499.0,28.00%,18998,1
A07A925FC,349.0,999.0,65.00%,16557,1
6381D3369,499.0,599.0,17.00%,21916,1
DDD2C72BE,2199.0,9999.0,78.00%,29472,1
7258F82C7,95.0,499.0,81.00%,1949,1
F56B8C635,139.0,249.0,44.00%,9377,1
D6F7DA37B,4499.0,7999.0,44.00%,37,0
55B66DB72,89.0,599.0,85.00%,2351,1
3540797B1,15499.0,20999.0,26.00%,19253,1
78A8B6FCD,13999.0,15999.0,13.00%,2180,0
E210B692E,1999.0,4999.0,60.00%,7571,1
1C3F46885,1399.0,5999.0,77.00%,4415,1
A4C74A943,599.0,999.0,40.00%,18654,1
96EB725FC,199.0,1099.0,82.00%,3197,1
2A6C31FB9,1799.0,6990.0,74.00%,26880,1
05D500405,1499.0,6990.0,79.00%,21796,1
49FAA2975,20999.0,29990.0,30.00%,9499,1
634DBCE11,12999.0,13499.0,4.00%,56098,1
A30652BB2,16999.0,20999.0,19.00%,31822,1
BC4FB18F5,19999.0,27990.0,29.00%,9499,1
D6A50C928,12999.0,18999.0,32.00%,50772,1
A04789D9E,2999.0,5999.0,50.00%,7148,1
58D984883,299.0,999.0,70.00%,20850,1
004ECEB0C,970.0,1999.0,51.00%,184,0
3D9B02015,329.0,999.0,67.00%,3492,1
C7AAB6FC4,1299.0,5999.0,78.00%,4415,1
F882E524C,1989.0,3500.0,43.00%,67260,1
B17280815,1999.0,9999.0,80.00%,27704,1
6F9CB0ACC,12999.0,18999.0,32.00%,50772,1
441850098,1499.0,4999.0,70.00%,92588,1
3B445BD51,16999.0,20999.0,19.00%,31822,1
9B7883317,1999.0,8499.0,76.00%,240,0
C66056A0D,4999.0,6999.0,29.00%,758,0
1B211415E,99.0,666.66,85.00%,24870,1
093189A1C,2499.0,5999.0,58.00%,828,0
2E73323F2,1399.0,1630.0,14.00%,9378,1
A15185153,1499.0,9999.0,85.00%,22638,1
E9469E74F,899.0,1900.0,53.00%,13552,1
C5C4FC83F,249.0,599.0,58.00%,2147,0
5CA4BF92B,299.0,1199.0,75.00%,596,0
21CF775A9,79.0,499.0,84.00%,1949,1
93F8DB568,13999.0,15999.0,13.00%,2180,0
B05405008,949.0,999.0,5.00%,31539,1
4DE6E298F,99.0,499.0,80.00%,2451,1
8F4DB7F10,2499.0,7990.0,69.00%,154,0
32A9D9CE3,689.0,1999.0,66.00%,1193,0
A9387C654,499.0,1899.0,74.00%,1475,0
009FA4EEC,299.0,999.0,70.00%,8891,1
9A55EA1D0,209.0,499.0,58.00%,104,0
44382DBC2,8499.0,12999.0,35.00%,6662,1
161BDC215,2179.0,3999.0,46.00%,8380,1
2DDEE46CD,16999.0,20999.0,19.00%,31822,1
5876C0C6E,44999.0,49999.0,10.00%,3075,0
AA13A1E9B,2599.0,2999.0,13.00%,14266,1
68748832C,2799.0,6499.0,57.00%,38879,1
172571151,1399.0,2990.0,53.00%,97175,1
6D8BA68BE,649.0,2400.0,73.00%,67260,1
5B8EBBC9D,799.0,3990.0,80.00%,119,0
14AC20A28,149.0,149.0,0.00%,10833,1
1DF150A10,799.0,2100.0,62.00%,8188,1
A0E2D1C37,3799.0,5299.0,28.00%,1641,0
2D9B829AA,199.0,1899.0,90.00%,4740,1
DE416FFDB,23999.0,32999.0,27.00%,8866,1
E689AD426,29990.0,39990.0,25.00%,8399,1
155067B19,281.0,1999.0,86.00%,87,0
F33E3EC55,7998.0,11999.0,33.00%,125,0
993E7D803,249.0,999.0,75.00%,38,0
0E6CA2411,299.0,599.0,50.00%,4674,1
8EF5A03F1,499.0,1899.0,74.00%,412,0
6DCE50DE9,899.0,3499.0,74.00%,681,0
9769A1081,1599.0,3499.0,54.00%,36384,1
67A0BEC26,120.0,999.0,88.00%,6491,1
B1D33EAAD,3999.0,6999.0,43.00%,10229,1
DB0781017,12999.0,18999.0,32.00%,50772,1
B521AF06C,1599.0,2599.0,38.00%,1801,1
9FBC5FBE6,699.0,1199.0,42.00%,14404,1
006C900AF,99.0,999.0,90.00%,305,0
00D194FA6,7915.0,9999.0,21.00%,1376,0
FB18D5B10,1499.0,7999.0,81.00%,22638,1
AEACCB6FF,1055.0,1249.0,16.00%,2352,0
119DD3153,150.0,599.0,75.00%,714,0
DAEA2A47E,219.0,700.0,69.00%,20052,1
E92CB3536,474.0,1799.0,74.00%,1454,0
BE0128221,115.0,499.0,77.00%,7732,1
6477F2D62,239.0,599.0,60.00%,2147,0
B1DF13313,265.0,999.0,73.00%,465,0
C07AFF448,37990.0,74999.0,49.00%,27790,1
60C48FA36,199.0,499.0,60.00%,602,0
8D2BCE046,179.0,399.0,55.00%,1423,0
DE1AA3302,1799.0,3999.0,55.00%,245,0
7BE6787DA,8499.0,11999.0,29.00%,276,0
D12EDB346,1999.0,3999.0,50.00%,30254,1
0C0E289F4,3999.0,17999.0,78.00%,17161,1
217B5C769,219.0,499.0,56.00%,14,0
1AD8C4005,599.0,1399.0,57.00%,14560,1
031FAEFEB,2499.0,2999.0,17.00%,3156,1
7B8609C78,89.0,499.0,82.00%,9340,1
466AEC55B,2999.0,11999.0,75.00%,768,0
BCD9AF622,314.0,1499.0,79.00%,28978,1
948609579,13999.0,19499.0,28.00%,18998,1
73F0E5F71,139.0,499.0,72.00%,4971,1
C7BEA973A,1998.0,9999.0,80.00%,27709,1
1A9EBE35A,1799.0,7990.0,77.00%,17833,1
1A1E67BE7,599.0,895.0,33.00%,61314,1
200FCE2FE,217.0,237.0,8.00%,7354,1
17C5B07AF,263.0,699.0,62.00%,690,0
01D9ACF1D,569.0,1000.0,43.00%,67262,1
642D9C9A8,349.0,1499.0,77.00%,24791,1
138A89A5F,149.0,399.0,63.00%,21764,1
12F8DBEBD,1499.0,6990.0,79.00%,21797,1
EEE10F61E,499.0,999.0,50.00%,92995,1
1F35ADC9A,99.0,999.0,90.00%,8751,1
B1640A52C,349.0,1299.0,73.00%,14283,1
0D2357181,475.0,1500.0,68.00%,64273,1
E37D73BF1,269.0,649.0,59.00%,54315,1
BD753814C,299.0,599.0,50.00%,1597,0
1D04AC647,1599.0,3999.0,60.00%,30254,1
C3F9420C8,1499.0,7999.0,81.00%,22638,1
EBA21D61F,329.0,999.0,67.00%,77027,1
CD913D9B1,549.0,1799.0,69.00%,28829,1
0F2DAFD2D,2199.0,9999.0,78.00%,29478,1
A901D552D,299.0,650.0,54.00%,33176,1
590E86A9F,798.0,1995.0,60.00%,68664,1
79D8201F4,399.0,1099.0,64.00%,24269,1
AABA999B5,266.0,315.0,16.00%,28030,1
30B477AB9,50.0,50.0,0.00%,5792,1
BA3489F1C,130.0,165.0,21.00%,14778,1
9C7B22D61,449.0,1290.0,65.00%,91770,1
9B9923B0D,3999.0,16999.0,76.00%,17162,1
6C8A939EC,399.0,1290.0,69.00%,206,0
45930F6F1,1399.0,2498.0,44.00%,33717,1
2A87FFBE8,199.0,349.0,43.00%,43994,1
7A459DCF8,199.0,999.0,80.00%,7928,1
4F3883AC3,2998.0,5999.0,50.00%,5179,1
E24A733F8,4098.0,4999.0,18.00%,50810,1
FFAE13F2C,499.0,1999.0,75.00%,3369,1
42835144B,299.0,449.0,33.00%,11827,1
85AD338E3,329.0,699.0,53.00%,94364,1
89FD89A31,699.0,999.0,30.00%,15295,1
71B7BF44D,799.0,3990.0,80.00%,27139,1
7486E8DDE,1399.0,5499.0,75.00%,9504,1
880362C6E,154.0,399.0,61.00%,16905,1
C539447F7,519.0,1350.0,62.00%,30058,1
9003157E0,2299.0,7990.0,71.00%,69619,1
0279DC7F7,399.0,1999.0,80.00%,3382,1
9C04AA64A,1295.0,1295.0,0.00%,5760,1
5815C98E6,1889.0,5499.0,66.00%,49551,1
881D5E47A,399.0,995.0,60.00%,21372,1
BECA4D94A,149.0,1000.0,85.00%,24870,1
AD5B45902,717.0,761.0,6.00%,7199,1
04DEB97AD,99.0,999.0,90.00%,1396,0
E92313B08,39.0,299.0,87.00%,15233,1
274FADD96,889.0,2500.0,64.00%,55747,1
F1D688586,1199.0,4999.0,76.00%,14961,1
60B58BE6C,569.0,1299.0,56.00%,9275,1
C66A304E4,1499.0,8999.0,83.00%,28324,1
186E0FABE,149.0,180.0,17.00%,644,0
43F3B5B8D,399.0,549.0,27.00%,18139,1
BBC0E451C,191.0,225.0,15.00%,7203,1
922C2E5A1,129.0,999.0,87.00%,491,0
CB1465D6C,199.0,599.0,67.00%,13568,1
A7370F663,999.0,4499.0,78.00%,3390,1
2F0D1E865,1799.0,2499.0,28.00%,18678,1
F18CFB9AD,176.63,499.0,65.00%,15189,1
CC1B144D9,522.0,550.0,5.00%,12179,1
35C6E3CB4,799.0,1999.0,60.00%,12958,1
1778D41D4,681.0,1199.0,43.00%,8258,1
CC280CD40,1199.0,3490.0,66.00%,11716,1
F4A0C282F,2499.0,4999.0,50.00%,35024,1
34F63E244,1799.0,4999.0,64.00%,55192,1
6A67C588A,100.0,499.0,80.00%,9638,1
0316D04E7,329.0,399.0,18.00%,33735,1
E9B3A51FD,229.0,299.0,23.00%,30411,1
D68ACC14F,139.0,299.0,54.00%,3044,1
829DBA2AC,1199.0,2499.0,52.00%,33584,1
77E08C3EB,1049.0,2299.0,54.00%,1779,0
8B4B5C8AD,119.0,299.0,60.00%,5999,1
B0BD4051F,154.0,339.0,55.00%,13391,1
D52FF8899,225.0,250.0,10.00%,26556,1
BF7B14319,656.0,1499.0,56.00%,25903,1
ACD6A4678,1109.0,2800.0,60.00%,53464,1
589DB6985,2999.0,7990.0,62.00%,48448,1
2773697D2,169.0,299.0,43.00%,5176,1
28F852AB3,309.0,404.0,24.00%,8614,1
546523900,599.0,1399.0,57.00%,60026,1
F967394A5,299.0,599.0,50.00%,3066,1
8D6DF92FA,449.0,999.0,55.00%,2102,1
0E5261A32,799.0,1295.0,38.00%,34852,1
E07F020A8,157.0,160.0,2.00%,8618,1
3F7B43819,369.0,1600.0,77.00%,32625,1
4FA834A20,599.0,899.0,33.00%,4018,1
78E128073,479.0,599.0,20.00%,11687,1
44BD43B38,350.0,899.0,61.00%,2262,1
FF784C69E,1598.0,2990.0,47.00%,11015,1
36FE1A3AB,599.0,899.0,33.00%,95116,1
19E61E55F,159.0,399.0,60.00%,4768,1
98BA6877B,1299.0,3000.0,57.00%,23022,1
3E6B5D937,1599.0,4999.0,68.00%,67951,1
6BE29B488,294.0,4999.0,94.00%,4426,1
60967E5CD,828.0,861.0,4.00%,4567,1
5A97497DF,745.0,795.0,6.00%,13797,1
1E9A9EDFA,1549.0,2495.0,38.00%,15137,1
7CD8EC4CA,349.0,399.0,13.00%,18757,1
0626BD652,970.0,1799.0,46.00%,815,0
B4E3D7367,198.0,800.0,75.00%,9344,1
524EFBC0A,549.0,549.0,0.00%,4875,1
F6379E894,2999.0,9999.0,70.00%,20881,1
0095098F5,12000.0,29999.0,60.00%,4744,1
90095B7C4,1299.0,3499.0,63.00%,12452,1
B71404A18,269.0,315.0,15.00%,17810,1
4759F7FE0,799.0,1499.0,47.00%,53648,1
7B50CD606,6299.0,13750.0,54.00%,2014,0
0764AFDBA,59.0,59.0,0.00%,5958,1
BDAD129FB,571.0,999.0,43.00%,38221,1
0E9C55D3C,549.0,999.0,45.00%,64705,1
65C90601E,2099.0,5999.0,65.00%,17129,1
89CD30155,13490.0,21990.0,39.00%,11976,1
FC86B7937,448.0,699.0,36.00%,17348,1
B4C39E3B0,1499.0,2999.0,50.00%,87798,1
3983BE0DE,299.0,499.0,40.00%,24432,1
4487573A2,2499.0,3299.0,24.00%,93112,1
007AED1EF,1199.0,5999.0,80.00%,47521,1
AFB3BFCDB,399.0,499.0,20.00%,27201,1
4297CB453,279.0,499.0,44.00%,10962,1
C4EFD2B93,13490.0,22900.0,41.00%,16299,1
3BA44B9E8,279.0,375.0,26.00%,31534,1
F9DB979DA,2499.0,4999.0,50.00%,7571,1
98E402F2B,137.0,160.0,14.00%,6537,1
80E6E68C7,59.0,199.0,70.00%,9377,1
CFEAF53E1,299.0,499.0,40.00%,21010,1
B51BB82E6,1799.0,3999.0,55.00%,3517,1
F90F99BAE,1999.0,2999.0,33.00%,63899,1
19AD92DAE,199.0,699.0,72.00%,12153,1
33A9F86A3,399.0,1499.0,73.00%,5730,1
85FFDECB2,1699.0,3999.0,58.00%,25488,1
56C9D86F1,699.0,995.0,30.00%,54405,1
D84FD03B2,95.0,499.0,81.00%,1949,1
934DBFA63,1495.0,1995.0,25.00%,7241,1
CF4624C8D,849.0,4999.0,83.00%,20457,1
9878538EE,440.0,440.0,0.00%,8610,1
37C618F4D,349.0,999.0,65.00%,16557,1
1A01A5068,599.0,3999.0,85.00%,1087,0
E244F29F0,149.0,399.0,63.00%,1540,0
8E9E25F43,289.0,999.0,71.00%,401,0
DA07AE785,179.0,499.0,64.00%,9385,1
7AFEBFAA6,1499.0,4999.0,70.00%,92588,1
9D230D0CC,399.0,699.0,43.00%,3454,1
E436307CF,599.0,799.0,25.00%,15790,1
F4B1BC684,949.0,2000.0,53.00%,14969,1
DCDF03C2E,2499.0,9999.0,75.00%,42139,1
D495054D0,159.0,180.0,12.00%,989,0
3AA2C0171,1329.0,2900.0,54.00%,19624,1
8C1B62EE4,570.0,999.0,43.00%,3201,1
4A8EA89E9,899.0,1999.0,55.00%,30469,1
75D3CF524,449.0,999.0,55.00%,9940,1
4183EB750,549.0,999.0,45.00%,7758,1
D54BBCCAD,1529.0,2399.0,36.00%,68409,1
04FC6EC13,100.0,100.0,0.00%,3095,1
DCF6EE304,299.0,1499.0,80.00%,903,0
7D29FC718,1295.0,1795.0,28.00%,25771,1
351F7E476,252.0,315.0,20.00%,3785,1
01E73FEF4,190.0,220.0,14.00%,2866,1
8B123C008,1299.0,1599.0,19.00%,27223,1
0D6391C7A,729.0,1650.0,56.00%,82356,1
243E5566B,480.0,600.0,20.00%,5719,1
43F37E1F1,1799.0,6990.0,74.00%,26880,1
A8CDD8222,999.0,2499.0,60.00%,1690,1
24619BDFF,299.0,399.0,25.00%,2766,1
7CBA5FDE7,238.0,699.0,66.00%,8372,1
51E2BACC6,1349.0,2198.0,39.00%,7113,1
81A5E839E,299.0,999.0,70.00%,20850,1
E1E04EEB5,199.0,499.0,60.00%,2804,0
833CA8A3E,1999.0,9999.0,80.00%,1986,0
65ADD5EBA,99.0,499.0,80.00%,2451,1
6CA206C66,499.0,1000.0,50.00%,23,0
405D6E109,1792.0,3500.0,49.00%,26194,1
D3C6CEF6F,3299.0,4100.0,20.00%,15783,1
2827039EC,125.0,180.0,31.00%,8053,1
49B434BF7,399.0,1190.0,66.00%,2809,1
5C01F72C4,1199.0,7999.0,85.00%,25910,1
3DFE11A4E,235.0,1599.0,85.00%,1173,0
C8BA4FAB2,549.0,1999.0,73.00%,6422,1
C942965F1,89.0,99.0,10.00%,241,0
D0A4B93D8,970.0,1999.0,51.00%,184,0
65454E85D,1299.0,2999.0,57.00%,14629,1
01A963089,230.0,999.0,77.00%,1528,0
14A517ACD,119.0,499.0,76.00%,15032,1
9656A6729,449.0,800.0,44.00%,69585,1
8D03459D2,1699.0,3495.0,51.00%,14371,1
D33DDD2E0,561.0,720.0,22.00%,3182,1
E694E83A6,289.0,590.0,51.00%,25886,1
69DB550A1,599.0,1999.0,70.00%,4736,1
22BADCC54,5599.0,7350.0,24.00%,73005,1
A679B0076,1990.0,2595.0,23.00%,20398,1
3E334CD45,499.0,799.0,38.00%,2125,1
E85ABC221,449.0,999.0,55.00%,11330,1
713C44EE5,999.0,1999.0,50.00%,27441,1
036A8037B,69.0,299.0,77.00%,255,0
50C4865CC,899.0,1499.0,40.00%,23174,1
F1DEFF573,478.0,699.0,32.00%,20218,1
E0AFC7410,1399.0,2490.0,44.00%,11074,1
FB905B400,199.0,750.0,73.00%,74976,1
53816B50C,149.0,499.0,70.00%,25607,1
20724862A,1799.0,4990.0,64.00%,41226,1
613DAEC8E,425.0,999.0,57.00%,2581,1
F57B44146,999.0,2490.0,60.00%,18331,1
91DD861CA,378.0,999.0,62.00%,1779,0
A04FAFECD,99.0,99.0,0.00%,388,0
93822B856,1499.0,2999.0,50.00%,8656,1
75BED3B3A,1815.0,3100.0,41.00%,92925,1
D628BD186,67.0,75.0,11.00%,1269,0
50423A44A,1889.0,2699.0,30.00%,17394,1
F6F5C3B88,499.0,1499.0,67.00%,9169,1
3EBB3F18D,499.0,999.0,50.00%,1030,0
98F1C9C42,5799.0,7999.0,28.00%,50273,1
2BB3EC11C,499.0,799.0,38.00%,6742,1
D99163993,249.0,600.0,59.00%,1208,0
2D53AE59C,179.0,499.0,64.00%,1933,0
F2064D664,4449.0,5734.0,22.00%,25006,1
16CFA4D29,299.0,550.0,46.00%,33434,1
DE7D8E30F,629.0,1390.0,55.00%,6301,1
1964452EA,2595.0,3295.0,21.00%,22618,1
850798E10,389.0,1099.0,65.00%,974,0
938EF1929,1799.0,2911.0,38.00%,20342,1
C9D4B44CC,90.0,175.0,49.00%,7429,1
3041943BD,599.0,599.0,0.00%,26423,1
518A85A9E,1999.0,7999.0,75.00%,31305,1
8B4470564,2099.0,3250.0,35.00%,11213,1
60A99760E,179.0,499.0,64.00%,10174,1
DFEBD641B,1345.0,2295.0,41.00%,17413,1
3A7AE477E,349.0,995.0,65.00%,6676,1
A6FCC02B5,287.0,499.0,42.00%,8076,1
48B564E00,599.0,599.0,0.00%,355,0
0081B97E8,349.0,450.0,22.00%,18656,1
E8D15AAFE,879.0,1109.0,21.00%,31599,1
C8BEE043F,199.0,999.0,80.00%,1075,0
894E5743C,250.0,250.0,0.00%,13971,1
BBFB6F0AC,199.0,499.0,60.00%,2492,0
A0B991CE8,899.0,1900.0,53.00%,13552,1
B27563422,199.0,999.0,80.00%,575,0
E794CA299,149.0,999.0,85.00%,2523,0
4ED60076D,469.0,1499.0,69.00%,352,0
1390D6C78,1187.0,1929.0,38.00%,1662,0
52CBD2A76,849.0,1499.0,43.00%,7352,1
D03469263,328.0,399.0,18.00%,3441,1
F81A5724C,269.0,699.0,62.00%,93,0
92F232EC2,299.0,400.0,25.00%,40895,1
56D3734D2,549.0,1499.0,63.00%,11006,1
9A082A787,114.0,120.0,5.00%,8938,1
74B2D7D12,120.0,120.0,0.00%,4308,1
E5F5059BB,970.0,1999.0,51.00%,462,0
66ED66EA4,1490.0,2295.0,35.00%,10652,1
0DF12C21D,99.0,99.0,0.00%,5036,1
E427CC8E5,149.0,249.0,40.00%,5057,1
C66C8D72D,575.0,2799.0,79.00%,8537,1
59153E08B,333.0,999.0,67.00%,9792,1
C817CF4A0,178.0,210.0,15.00%,2450,1
5A7FCAFC9,1599.0,3490.0,54.00%,676,0
D361B997E,499.0,1299.0,62.00%,1173,0
DA460C155,199.0,499.0,60.00%,9998,1
91573FCF8,2499.0,5999.0,58.00%,5852,1
D2F0974D3,199.0,999.0,80.00%,362,0
92005FE27,2499.0,9999.0,75.00%,9090,1
21B01D8A7,1439.0,2890.0,50.00%,4099,1
1866A6BCE,1099.0,5999.0,82.00%,12966,1
2A771C3B3,157.0,160.0,2.00%,4428,1
DC17B945A,999.0,1599.0,38.00%,12093,1
16C4CD86C,115.0,999.0,88.00%,5692,1
F12991A9E,175.0,499.0,65.00%,21,0
AB64B58E9,1999.0,4700.0,57.00%,1880,0
06B596166,3999.0,4332.96,8.00%,21762,1
A3FF6B273,899.0,1800.0,50.00%,22375,1
B0F6FA2C1,299.0,990.0,70.00%,2453,1
99E8C6FB3,3303.0,4699.0,30.00%,13544,1
70ACF7753,1890.0,5490.0,66.00%,10976,1
A418559F3,90.0,100.0,10.00%,3061,1
5EDCF3562,1599.0,2790.0,43.00%,2272,0
40DCA38FB,599.0,999.0,40.00%,7601,1
6692B8B8C,507.0,1208.0,58.00%,8131,1
1780BA5F1,425.0,899.0,53.00%,4219,1
8A063B373,1499.0,3999.0,63.00%,42775,1
D1AC83511,549.0,2499.0,78.00%,5556,1
830B414A9,199.0,395.0,50.00%,92595,1
DD8CD9F8E,1295.0,1645.0,21.00%,12375,1
44882BA69,310.0,310.0,0.00%,5882,1
8D3471A86,149.0,149.0,0.00%,10833,1
0F47F8AC9,1149.0,1499.0,23.00%,10443,1
753969DCC,499.0,1299.0,62.00%,434,0
ACECF3286,999.0,4199.0,76.00%,1913,0
D4EF94283,1709.0,4000.0,57.00%,3029,1
56DF7FB37,250.0,250.0,0.00%,2628,1
8EF78640E,1199.0,2199.0,45.00%,24780,1
9F6F11BE9,90.0,100.0,10.00%,10718,1
E2034CAA1,2025.0,5999.0,66.00%,6233,1
E23F64DB2,1495.0,1995.0,25.00%,10541,1
19577FEC4,799.0,2100.0,62.00%,8188,1
FE14C5FBA,899.0,1199.0,25.00%,10751,1
B6B763EC6,349.0,999.0,65.00%,817,0
CAF740FA3,900.0,2499.0,64.00%,36384,1
B01163778,2490.0,3990.0,38.00%,3606,1
E84BC4395,116.0,200.0,42.00%,357,0
35D07A613,200.0,230.0,13.00%,10170,1
BA42E7288,1249.0,2796.0,55.00%,4598,1
04E68B2B2,649.0,999.0,35.00%,7222,1
ECFB2E08E,2649.0,3499.0,24.00%,1271,1
F685EF2E5,199.0,349.0,43.00%,314,0
C027935B7,596.0,723.0,18.00%,3219,1
7247C7CCD,2499.0,5999.0,58.00%,38879,1
DF4474A41,4999.0,12499.0,60.00%,4541,1
81CFCC73B,399.0,1290.0,69.00%,76042,1
976FEE3F2,116.0,200.0,42.00%,485,0
B98524F34,4499.0,5999.0,25.00%,44696,1
316CA5EAE,330.0,499.0,34.00%,8566,1
1588A6117,649.0,2499.0,74.00%,13049,1
A890C1A47,1234.0,1599.0,23.00%,16680,1
420F927DF,1399.0,2990.0,53.00%,97174,1
9CA61BCBD,272.0,320.0,15.00%,3686,1
16D826E13,99.0,999.0,90.00%,594,0
122FFD5E6,3498.0,3875.0,10.00%,12185,1
231EFC22B,10099.0,19110.0,47.00%,2623,0
768FDEDA3,449.0,999.0,55.00%,9701,1
59B23D290,150.0,150.0,0.00%,15867,1
AA11886D0,348.0,1499.0,77.00%,656,0
B670FD365,1199.0,2999.0,60.00%,10725,1
62265346E,397.0,899.0,56.00%,3025,1
FE3E7CB8B,154.0,349.0,56.00%,7064,1
47AACA008,699.0,1490.0,53.00%,5736,1
406335435,1679.0,1999.0,16.00%,72563,1
4BEDE9DE4,354.0,1500.0,76.00%,1026,0
9037FA87D,1199.0,5499.0,78.00%,2043,0
39C6A2D20,379.0,1499.0,75.00%,4149,1
396821119,499.0,775.0,36.00%,74,0
A45554079,10389.0,32000.0,68.00%,41398,1
3476CC9DD,649.0,1300.0,50.00%,5195,1
793A80A49,1199.0,1999.0,40.00%,22420,1
80C3241AC,139.0,999.0,86.00%,1313,0
F699B8D4D,889.0,1999.0,56.00%,2284,1
D9AFD83E0,1409.0,2199.0,36.00%,427,0
7D2B0D955,549.0,1999.0,73.00%,1367,0
EC4D67BD1,749.0,1799.0,58.00%,13199,1
732A74796,329.0,845.0,61.00%,29746,1
59A050FC4,379.0,1099.0,66.00%,2806,1
DCC96E341,5998.0,7999.0,25.00%,30355,1
664838BAF,299.0,1499.0,80.00%,2868,1
9E55D6F79,379.0,1499.0,75.00%,670,0
B07AF5C2B,1399.0,2999.0,53.00%,3530,1
FCF99F921,699.0,1299.0,46.00%,6183,1
8F5492EE5,300.0,300.0,0.00%,419,0
D9B5560F4,999.0,1995.0,50.00%,7317,1
FAC5BA19D,535.0,535.0,0.00%,4426,1
986F6E725,13999.0,24999.0,44.00%,45237,1
9F60B0499,269.0,1099.0,76.00%,1092,0
F485B08F7,341.0,450.0,24.00%,2493,1
86A28F511,2499.0,3999.0,38.00%,12679,1
5ABE0B986,349.0,599.0,42.00%,210,0
87FC121BF,5899.0,7005.0,16.00%,4199,1
9AC6735C9,699.0,1199.0,42.00%,14403,1
CFCEA3954,1565.0,2999.0,48.00%,11113,1
90D7A740F,326.0,799.0,59.00%,10773,1
28CBC1EA1,120.0,999.0,88.00%,6491,1
22CA211AB,657.0,999.0,34.00%,13944,1
BB5039E84,1995.0,2895.0,31.00%,10760,1
1E1D914F5,1500.0,1500.0,0.00%,25996,1
2A7135064,2640.0,3195.0,17.00%,16146,1
98203D4D9,5299.0,6355.0,17.00%,8280,1
3C1FBADB0,263.0,699.0,62.00%,450,0
C4918A235,1990.0,2999.0,34.00%,14237,1
29D139044,1289.0,1499.0,14.00%,20668,1
66808F5C8,165.0,165.0,0.00%,1674,1
6EF025665,1699.0,3499.0,51.00%,7689,1
DBD18E8A1,2299.0,7500.0,69.00%,5554,1
209A3B75E,219.0,700.0,69.00%,20053,1
6AF85A5E1,39.0,39.0,0.00%,3344,1
AE8A92ECB,26999.0,37999.0,29.00%,2886,0
98B7F4792,1490.0,1990.0,25.00%,98250,1
3A1D434BC,398.0,1949.0,80.00%,75,0
5F02C3792,349.0,899.0,61.00%,149,0
BB95AA2B6,770.0,1547.0,50.00%,2585,1
56909B784,279.0,1299.0,79.00%,5072,1
B6D4289D7,249.0,599.0,58.00%,5985,1
B4889F75F,115.0,499.0,77.00%,7732,1
0E4493AD8,230.0,230.0,0.00%,9427,1
34F2E6655,399.0,999.0,60.00%,1780,0
858C18612,599.0,700.0,14.00%,2301,1
198C6A1CD,598.0,1150.0,48.00%,2535,1
2EB252428,399.0,1499.0,73.00%,691,0
8FE3B64D1,499.0,1299.0,62.00%,2740,1
4B2A30EED,199.0,499.0,60.00%,602,0
5B2C45A23,579.0,1090.0,47.00%,3482,1
D63CE8FB9,179.0,399.0,55.00%,1423,0
E4775B680,90.0,100.0,10.00%,6199,1
866AD93B0,899.0,1999.0,55.00%,1667,1
C8C5D8746,1149.0,1800.0,36.00%,4723,1
336DD0DAB,249.0,499.0,50.00%,22860,1
DE9DCAC5C,39.0,39.0,0.00%,13572,1
6CEE21D0C,1599.0,3599.0,56.00%,16182,1
D174D3A3C,1199.0,3990.0,70.00%,2908,1
D0F51CCD1,209.0,499.0,58.00%,536,0
DE0842C54,1099.0,1499.0,27.00%,2375,1
999B43712,120.0,120.0,0.00%,4951,1
14074CED4,1519.0,3499.0,57.00%,408,0
5C8962260,420.0,420.0,0.00%,1926,1
9509A0C86,225.0,225.0,0.00%,4798,1
81498E546,199.0,799.0,75.00%,7333,1
19B09BBEB,1799.0,3999.0,55.00%,245,0
D267AB122,8349.0,9625.0,13.00%,3652,1
8EDA2B832,3307.0,6100.0,46.00%,2515,1
23CB6A229,325.0,1299.0,75.00%,10576,1
F4B035B07,449.0,1300.0,65.00%,4959,1
5DFBDCAE5,380.0,400.0,5.00%,2111,1
02C456438,499.0,1399.0,64.00%,1462,0
CD1682578,37247.0,59890.0,38.00%,323,0
51017D745,849.0,2490.0,66.00%,91188,1
0A5E5BDD3,799.0,1999.0,60.00%,418,0
0A830E3B3,2599.0,6999.0,63.00%,1526,1
F69244857,199.0,999.0,80.00%,127,0
DA0B60867,269.0,800.0,66.00%,10134,1
F72945B07,298.0,999.0,70.00%,1552,1
F0312AB4C,1499.0,2999.0,50.00%,25262,1
B991FABA1,1199.0,1695.0,29.00%,13300,1
5FAC7DEBB,1199.0,2000.0,40.00%,18543,1
74A55007D,455.0,999.0,54.00%,3578,1
AAD584053,199.0,1999.0,90.00%,2031,0
240323F34,293.0,499.0,41.00%,44994,1
14191F498,749.0,1245.0,40.00%,31783,1
E458695F8,1399.0,1549.0,10.00%,2602,1
6E5E208D9,749.0,1445.0,48.00%,63350,1
E2F2A9121,1699.0,3193.0,47.00%,54032,1
692061909,1043.0,1345.0,22.00%,15592,1
541F867C0,499.0,999.0,50.00%,4859,1
D7125D08B,1464.0,1650.0,11.00%,14120,1
1D5603470,249.0,499.0,50.00%,8427,1
779A55BA1,625.0,1400.0,55.00%,23316,1
149311922,1290.0,2500.0,48.00%,6530,1
FDCA99D89,3600.0,6190.0,42.00%,11924,1
136DCCC2B,6549.0,13999.0,53.00%,2961,1
4141AB5E3,1625.0,2995.0,46.00%,23484,1
6BFB9D56F,2599.0,5890.0,56.00%,21783,1
1088B5B5A,1199.0,2000.0,40.00%,14030,1
713A2DFF6,5499.0,13150.0,58.00%,6398,1
0BFFF5B86,1299.0,3500.0,63.00%,44050,1
B88683D5E,599.0,785.0,24.00%,24247,1
32AE9C6A8,1999.0,3210.0,38.00%,41349,1
7CA10E003,549.0,1000.0,45.00%,1074,0
C3A242E33,999.0,2000.0,50.00%,1163,0
F6FF500D0,398.0,1999.0,80.00%,257,0
CF39B803A,539.0,720.0,25.00%,36017,1
41FFBA8D6,699.0,1595.0,56.00%,8090,1
9167BB8DC,2148.0,3645.0,41.00%,31388,1
B0092E421,3599.0,7950.0,55.00%,136,0
4B37125EF,351.0,999.0,65.00%,5380,1
97F53051D,1614.0,1745.0,8.00%,37974,1
B65155378,719.0,1295.0,44.00%,17218,1
AAE9A3528,678.0,1499.0,55.00%,900,0
FF0198446,809.0,1545.0,48.00%,976,0
42785E301,1969.0,5000.0,61.00%,4927,1
7BB3DC20B,1490.0,1695.0,12.00%,3543,1
480629B67,2499.0,3945.0,37.00%,2732,1
E69750225,1665.0,2099.0,21.00%,14368,1
C0BD848E0,3229.0,5295.0,39.00%,39724,1
44393BA45,1799.0,3595.0,50.00%,9791,1
0074C060E,1260.0,1699.0,26.00%,2891,1
0EC20BFD1,749.0,1129.0,34.00%,2446,1
4E10BEAF7,3499.0,5795.0,40.00%,25340,1
0A7699345,379.0,999.0,62.00%,3096,1
91A1B4188,1099.0,2400.0,54.00%,4,0
D8D992D60,749.0,1299.0,42.00%,119,0
AB657906F,1299.0,1299.0,0.00%,40106,1
27831B0FD,549.0,1090.0,50.00%,13029,1
C9551F5AA,899.0,2000.0,55.00%,291,0
80A84F7D6,1321.0,1545.0,14.00%,15453,1
8E53AF509,1099.0,1999.0,45.00%,604,0
1A8C4015F,775.0,875.0,11.00%,46647,1
9A939BF2C,6299.0,15270.0,59.00%,3233,1
B3E1D1B7B,3190.0,4195.0,24.00%,1282,0
3950F7DF3,799.0,1989.0,60.00%,70,0
992AFE1DE,2699.0,5000.0,46.00%,26164,1
CA0F7DD51,599.0,990.0,39.00%,16166,1
E537D5B22,749.0,1111.0,33.00%,35693,1
7E8F8121D,6199.0,10400.0,40.00%,14391,1
4E72D96C5,1819.0,2490.0,27.00%,7946,1
8C313B439,1199.0,1900.0,37.00%,1765,0
6A5028601,3249.0,6295.0,48.00%,14062,1
141D7F5E3,349.0,999.0,65.00%,15646,1
E0C4DAB71,1049.0,1699.0,38.00%,111,0
76EA44A04,799.0,1500.0,47.00%,9695,1
11F1B8E99,4999.0,9650.0,48.00%,1772,0
7C807613D,6999.0,10590.0,34.00%,11499,1
2B18B203F,799.0,1999.0,60.00%,2162,1
0E5FD3EE6,89.0,89.0,0.00%,19621,1
D641C2745,1400.0,2485.0,44.00%,19998,1
A375DA965,355.0,899.0,61.00%,1051,0
F29167E43,2169.0,3279.0,34.00%,1716,0
7263F8A1C,2799.0,3799.0,26.00%,32931,1
C37DA28B5,899.0,1249.0,28.00%,17424,1
FCBF82E37,2499.0,5000.0,50.00%,1889,0
1203B2342,3599.0,7299.0,51.00%,10324,1
C3FEAC564,499.0,625.0,20.00%,5355,1
D5F3DDEAC,653.0,1020.0,36.00%,3366,1
FF3593C84,4789.0,8990.0,47.00%,1017,0
0A61B366D,1409.0,1639.0,14.00%,787,0
510E0F770,753.0,899.0,16.00%,18462,1
F4468EA84,353.0,1199.0,71.00%,629,0
B9D59AD39,1099.0,1899.0,42.00%,15276,1
295CB1826,8799.0,11595.0,24.00%,2981,1
FC33C96E5,1345.0,1750.0,23.00%,2466,0
88F89DBF5,2095.0,2095.0,0.00%,7949,1
03F2D93BF,1498.0,2300.0,35.00%,95,0
06E14AF90,2199.0,2990.0,26.00%,1558,0
BD66E5125,3699.0,4295.0,14.00%,26543,1
24F329375,177.0,199.0,11.00%,3688,1
2FC1A0CB1,1149.0,2499.0,54.00%,4383,1
38394B6C1,244.0,499.0,51.00%,478,0
3AC77DDB8,1959.0,2400.0,18.00%,237,0
D5CBE5D46,319.0,749.0,57.00%,124,0
831CA4541,1499.0,1775.0,16.00%,14667,1
456389B65,469.0,1599.0,71.00%,6,0
BC0435943,1099.0,1795.0,39.00%,4244,1
2A15DB884,9590.0,15999.0,40.00%,1017,0
3518E65B2,999.0,1490.0,33.00%,12999,1
3BA63D084,1299.0,1999.0,35.00%,311,0
C9445726F,292.0,499.0,41.00%,4238,1
FEFE9F63C,160.0,299.0,46.00%,2781,1
A0D886922,600.0,600.0,0.00%,10907,1
8D1E7951B,1130.0,1130.0,0.00%,13250,1
891987A16,3249.0,6295.0,48.00%,43070,1
059453F14,3599.0,9455.0,62.00%,11828,1
4F2F94B34,368.0,699.0,47.00%,1240,0
26B1FAA15,3199.0,4999.0,36.00%,20869,1
1045C17D3,1599.0,2900.0,45.00%,441,0
94C9F1358,1999.0,2499.0,20.00%,1034,0
1F0ED4E27,616.0,1190.0,48.00%,37126,1
C186D4750,1499.0,2100.0,29.00%,6355,1
845AF6CE0,199.0,499.0,60.00%,12,0
C060D956C,610.0,825.0,26.00%,13165,1
A594CABA8,999.0,1499.0,33.00%,1646,0
DF82633E7,8999.0,9995.0,10.00%,17994,1
FA8F2B52F,453.0,999.0,55.00%,610,0
92B60A3AF,2464.0,6000.0,59.00%,8866,1
265E209A2,2719.0,3945.0,31.00%,13406,1
4AF544368,1439.0,1999.0,28.00%,53803,1
ECA616835,2799.0,3499.0,20.00%,546,0
B3EEB0E80,2088.0,5550.0,62.00%,5292,1
8F3699FFD,2399.0,4590.0,48.00%,444,0
B4F72A27B,308.0,499.0,38.00%,4584,1
3C9657BFE,2599.0,4400.0,41.00%,14947,1
58599F5E4,479.0,1000.0,52.00%,1559,0
17B7B41E2,245.0,299.0,18.00%,1660,0
04E460391,179.0,799.0,78.00%,132,0
64F2F1D75,3569.0,5190.0,31.00%,28629,1
CDFC4204B,699.0,1345.0,48.00%,8446,1
DD4229EA5,2089.0,4000.0,48.00%,11199,1
D22927C0E,2339.0,4000.0,42.00%,1118,0
16550E441,784.0,1599.0,51.00%,11,0
9957F5D1A,5499.0,9999.0,45.00%,4353,1
BEC21BEFA,899.0,1990.0,55.00%,185,0
6FA76E0D5,1695.0,1695.0,0.00%,14290,1
2F0E4A119,499.0,940.0,47.00%,3036,1
B483BD4AA,2699.0,4700.0,43.00%,1296,0
5445DB6BD,1448.0,2999.0,52.00%,19,0
DCA058C34,79.0,79.0,0.00%,97,0
16408CADE,6990.0,14290.0,51.00%,1771,0
CB56EA385,2698.0,3945.0,32.00%,15034,1
BF104E03A,3199.0,5999.0,47.00%,3242,1
57F876F2B,1199.0,1950.0,39.00%,2832,1
77A616608,1414.0,2799.0,49.00%,1498,0
F245E2220,999.0,1950.0,49.00%,305,0
87AF58A36,5999.0,9999.0,40.00%,1191,0
235BAE03A,9970.0,12999.0,23.00%,4049,1
19A2E7241,698.0,699.0,0.00%,3160,1
EE92FAFC9,2199.0,3190.0,31.00%,9650,1
4224CE2BF,320.0,799.0,60.00%,3846,1
574860BA7,298.0,499.0,40.00%,290,0
3C2931A00,1199.0,1499.0,20.00%,2206,0
78AEE7CF1,1399.0,2660.0,47.00%,9349,1
D56185BB4,599.0,2799.0,79.00%,578,0
CC6FBB99B,1499.0,1499.0,0.00%,9331,1
5B51EAF5E,14400.0,59900.0,76.00%,3837,0
4962421C6,1699.0,1900.0,11.00%,11456,1
42E126763,649.0,999.0,35.00%,49,0
7258AE088,3249.0,6375.0,49.00%,4978,1
7D3D73923,199.0,499.0,60.00%,1996,1
48143A38C,1099.0,1899.0,42.00%,1811,1
52CCCCE54,664.0,1490.0,55.00%,2198,1
8FDC8B58E,260.0,350.0,26.00%,13127,1
CF415D515,6499.0,8500.0,24.00%,5865,1
FF5008136,1484.0,2499.0,41.00%,1067,0
AD5D5F4A7,999.0,1560.0,36.00%,4881,1
5BDC7EF67,3299.0,6500.0,49.00%,11217,1
1B5D5B39C,259.0,999.0,74.00%,43,0
A0D841E3C,3249.0,7795.0,58.00%,4664,1
BEC1EAFB9,4280.0,5995.0,29.00%,2112,0
E8504B54D,189.0,299.0,37.00%,2737,1
FCC9D2070,1449.0,2349.0,38.00%,9019,1
DBCCCB060,199.0,499.0,60.00%,10234,1
489B49AB3,474.0,1299.0,64.00%,550,0
F23AAFE9E,279.0,499.0,44.00%,28,0
F3365B344,1999.0,4775.0,58.00%,1353,0
17DB90CE1,799.0,1230.0,35.00%,2138,1
6F1635DFD,949.0,1999.0,53.00%,1679,0
24A24A871,3657.66,5156.0,29.00%,12837,1
0072AF36A,1699.0,1999.0,15.00%,8873,1
739DB75D5,1849.0,2095.0,12.00%,7681,1
163167CB0,12499.0,19825.0,37.00%,322,0
DA9CC9130,1099.0,1920.0,43.00%,9772,1
9AED9875B,8199.0,16000.0,49.00%,18497,1
14DC39984,499.0,2199.0,77.00%,53,0
00B53CDBF,6999.0,14999.0,53.00%,1728,0
44A22F2B4,1595.0,1799.0,11.00%,2877,1
638B8CE01,1049.0,1950.0,46.00%,250,0
C9A582923,1182.0,2995.0,61.00%,5178,1
652CC47C4,499.0,999.0,50.00%,79,0
326B08068,8799.0,11995.0,27.00%,4157,1
18B94702A,1529.0,2999.0,49.00%,29,0
592B93A78,1199.0,1690.0,29.00%,4580,1
DC5F28946,1052.0,1790.0,41.00%,1404,0
66F833F39,6499.0,8995.0,28.00%,2810,1
1F51AE7CB,239.0,239.0,0.00%,7,0
DD18B3074,699.0,1599.0,56.00%,1729,1
B495C09BA,2599.0,4290.0,39.00%,2116,1
4057468DF,1547.0,2890.0,46.00%,463,0
1499BB217,499.0,1299.0,62.00%,54,0
E2FA2C428,510.0,640.0,20.00%,7229,1
B13F4D97E,1899.0,3790.0,50.00%,3842,1
0C2FF4E8A,2599.0,4560.0,43.00%,646,0
4A100B179,1199.0,3500.0,66.00%,1802,1
7500DD079,999.0,2600.0,62.00%,252,0
20694B0C9,1999.0,3300.0,39.00%,780,0
0B3996D52,210.0,699.0,70.00%,74,0
A2C49F9CC,14499.0,23559.0,38.00%,2026,0
AEDE25D20,950.0,1599.0,41.00%,5911,1
9FFEB86E3,7199.0,9995.0,28.00%,1964,1
6483D6564,2439.0,2545.0,4.00%,25,0
2E9BA0B1B,7799.0,8995.0,13.00%,3160,1
561A21A6A,1599.0,1999.0,20.00%,1558,1
48B75853C,2899.0,5500.0,47.00%,8958,1
19900EB6E,9799.0,12150.0,19.00%,13251,1
C9DDD4709,3299.0,4995.0,34.00%,1393,0
82283937B,669.0,1499.0,55.00%,13,0
90301F3D2,5890.0,7506.0,22.00%,7241,1
EDB736870,9199.0,18000.0,49.00%,16020,1
341DDA399,351.0,1099.0,68.00%,1470,0
128567BC6,899.0,1900.0,53.00%,3663,1
80C2E2251,1349.0,1850.0,27.00%,638,0
752800B79,6236.0,9999.0,38.00%,3552,1
10386381B,2742.0,3995.0,31.00%,11148,1
F8DDDB7BA,721.0,1499.0,52.00%,2449,0
48393B58F,2903.0,3295.0,12.00%,2299,1
F89C5FDB7,1656.0,2695.0,39.00%,6027,1
44316A115,1399.0,2290.0,39.00%,461,0
8BFE22648,2079.0,3099.0,33.00%,282,0
AAAE53FA4,999.0,1075.0,7.00%,9275,1
9B3F5660F,3179.0,6999.0,55.00%,743,0
174E3F86D,1049.0,2499.0,58.00%,328,0
C23B506E6,3599.0,7290.0,51.00%,942,0
429431E1C,4799.0,5795.0,17.00%,3815,1
44A499A82,1699.0,3398.0,50.00%,7988,1
981224044,664.0,1490.0,55.00%,925,0
AA5361A45,948.0,1620.0,41.00%,4370,1
77E5CA79F,850.0,1000.0,15.00%,7619,1
8585EAF35,600.0,640.0,6.00%,2593,1
1B4FFDE6A,3711.0,4495.0,17.00%,356,0
8D378DAA2,799.0,2999.0,73.00%,63,0
38266E6AB,980.0,980.0,0.00%,4740,1
39790A3DB,351.0,899.0,61.00%,296,0
E092639AB,229.0,499.0,54.00%,185,0
11CC7A003,3349.0,3995.0,16.00%,1954,1
6CC00A9A6,5499.0,11500.0,52.00%,959,0
2EC7B0E34,299.0,499.0,40.00%,1015,0
714765927,2249.0,3550.0,37.00%,3973,1
9AA960376,699.0,1599.0,56.00%,2300,1
A58405BE9,1235.0,1499.0,18.00%,203,0
4138C90E0,1349.0,2999.0,55.00%,441,0
3D31EE2F1,6800.0,11500.0,41.00%,10308,1
51B13BA34,2099.0,2499.0,16.00%,992,0
4792831D1,1699.0,1975.0,14.00%,4716,1
2B1E8AF96,1069.0,1699.0,37.00%,313,0
97AC963F3,1349.0,2495.0,46.00%,166,0
4BF1C0735,1499.0,3500.0,57.00%,303,0
FF5F4E733,2092.0,4600.0,55.00%,562,0
2B8597EB5,3859.0,10295.0,63.00%,8095,1
DDE6E62A5,499.0,2199.0,77.00%,109,0
BE5D437F8,1804.0,2380.0,24.00%,15382,1
412E60C6E,6525.0,8820.0,26.00%,5137,1
A6ADCE007,4999.0,24999.0,80.00%,124,0
3CCB6EA8A,1189.0,2400.0,50.00%,618,0
88AE38F98,2590.0,4200.0,38.00%,63,0
63D52AC69,899.0,1599.0,44.00%,15,0
4B6AB35DF,998.0,2999.0,67.00%,9,0
77CD73B1C,998.06,1282.0,22.00%,7274,1
DDAA90BB2,1099.0,1990.0,45.00%,5911,1
463CE40EF,5999.0,9999.0,40.00%,170,0
9A420E7D7,8886.0,11850.0,25.00%,3065,1
633523E16,475.0,999.0,52.00%,1021,0
9F0EB1E06,4995.0,20049.0,75.00%,3964,1
102FB30D3,13999.0,24850.0,44.00%,8948,1
31826C949,8499.0,16490.0,48.00%,97,0
1237DCB1B,949.0,975.0,3.00%,7223,1
2627AA420,395.0,499.0,21.00%,330,0
585FE7EB3,635.0,635.0,0.00%,4570,1
B1DF59E2A,717.0,1390.0,48.00%,4867,1
B9505557D,27900.0,59900.0,53.00%,5298,1
971466F60,649.0,670.0,3.00%,7786,1
6A635F7F9,193.0,399.0,52.00%,37,0
8BF8D6F36,1299.0,2495.0,48.00%,2,0
C8FEAA4C6,2449.0,3390.0,28.00%,5206,1
6DAA74915,1049.0,2499.0,58.00%,638,0
64788AA13,2399.0,4200.0,43.00%,397,0
D5C908586,2286.0,4495.0,49.00%,326,0
42A670142,499.0,2199.0,77.00%,3527,0
7D0D0A0C5,429.0,999.0,57.00%,617,0
013164DD2,299.0,595.0,50.00%,314,0
F6CB30840,5395.0,19990.0,73.00%,535,0
F1BD12F42,559.0,1010.0,45.00%,17325,1
F77DF394A,660.0,1100.0,40.00%,91,0
0895EE47E,419.0,999.0,58.00%,227,0
F846BC5A9,7349.0,10900.0,33.00%,11957,1
59D8A3417,2899.0,4005.0,28.00%,7140,1
FB9C88C36,1799.0,3295.0,45.00%,687,0
795A031FA,1474.0,4650.0,68.00%,1045,0
2397DC1A5,15999.0,24500.0,35.00%,11206,1
C186661B8,3645.0,6070.0,40.00%,561,0
23527DB96,375.0,999.0,62.00%,1988,0
20C0A182C,2976.0,3945.0,25.00%,3740,1
9CC40E406,1099.0,1499.0,27.00%,4401,1
92A27F407,2575.0,6700.0,62.00%,611,0
C6C4D1256,1649.0,2800.0,41.00%,2162,0
F445F6AEB,799.0,1699.0,53.00%,97,0
1C05E0659,765.0,970.0,21.00%,6055,1
C7A1A687D,999.0,1500.0,33.00%,386,0
66041206D,587.0,1295.0,55.00%,557,0
5B2E3A4A9,12609.0,23999.0,47.00%,2288,0
304B57D4C,699.0,850.0,18.00%,1106,0
64DE629E0,3799.0,6000.0,37.00%,11935,1
06075B189,640.0,1020.0,37.00%,5059,1
8DE631DE3,979.0,1999.0,51.00%,157,0
681B5779F,5365.0,7445.0,28.00%,3584,1
A6AD9BAB5,3199.0,3500.0,9.00%,1899,1
B1EB25295,979.0,1395.0,30.00%,15252,1
2846606FB,929.0,2199.0,58.00%,4,0
EC73F79E3,3710.0,4330.0,14.00%,1662,0
17C940899,2033.0,4295.0,53.00%,422,0
4697EBF3B,9495.0,18990.0,50.00%,79,0
68BD45661,7799.0,12500.0,38.00%,5160,1
E52ECC94A,949.0,2385.0,60.00%,2311,1
ED3EC461F,2790.0,4890.0,43.00%,588,0
722004369,645.0,1100.0,41.00%,3271,1
D022C38AD,2237.81,3899.0,43.00%,11004,1
21C35655F,8699.0,16899.0,49.00%,3195,1
0087AEF58,42990.0,75990.0,43.00%,3231,0
759F8D4C7,825.0,825.0,0.00%,3246,1
480540F92,161.0,300.0,46.00%,24,0
336F74086,697.0,1499.0,54.00%,144,0
D3683F1D2,688.0,747.0,8.00%,2280,1
50B8E87A5,2199.0,3999.0,45.00%,340,0
018378EDF,6850.0,11990.0,43.00%,144,0
617C7B967,2699.0,3799.0,29.00%,727,0
3E3B95C37,899.0,1999.0,55.00%,832,0
1522D9C39,1090.0,2999.0,64.00%,57,0
F80D45FF9,295.0,599.0,51.00%,1644,0
6E15ACAAC,479.0,1999.0,76.00%,1066,0
6143CF53D,2949.0,4849.0,39.00%,7968,1
A4C25347B,335.0,510.0,34.00%,3195,1
BB4554C3F,293.0,499.0,41.00%,1456,0
D4CFAEF32,599.0,1299.0,54.00%,590,0
3E902FBBD,499.0,999.0,50.00%,1436,1
6F088025D,849.0,1190.0,29.00%,4184,1
5BDD66F2E,249.0,400.0,38.00%,693,0
076D070F4,185.0,599.0,69.00%,1306,0
36925672B,778.0,999.0,22.00%,8,0
9A73FA1C4,279.0,699.0,60.00%,2326,1
AEE6D5C59,215.0,1499.0,86.00%,1004,0
5FDD05DF3,889.0,1295.0,31.00%,6400,1
9E5051694,1449.0,4999.0,71.00%,63,0
6A30E1678,1190.0,2550.0,53.00%,1181,0
043E4EF75,1799.0,1950.0,8.00%,1888,0
3EF8A83D1,6120.0,8478.0,28.00%,6550,1
94E5782FC,1799.0,3299.0,45.00%,1846,0
4BC2B4DFD,2199.0,3895.0,44.00%,1085,0
E9BE7586C,3685.0,5495.0,33.00%,290,0
E6C62A899,649.0,999.0,35.00%,4,0
4624F706B,8599.0,8995.0,4.00%,9734,1
BB8248410,1110.0,1599.0,31.00%,4022,1
E55C810F6,1499.0,3500.0,57.00%,2591,1
BEC8C78A9,759.0,1999.0,62.00%,532,0
793A00258,2669.0,3199.0,17.00%,260,0
18FB2C958,929.0,1300.0,29.00%,1672,0
1B82BBAE2,199.0,399.0,50.00%,7945,1
4357E6442,279.0,599.0,53.00%,1367,0
48FE5DB2A,549.0,999.0,45.00%,1313,0
06BE416EC,85.0,199.0,57.00%,212,0
73CF14053,499.0,1299.0,62.00%,65,0
00A3AC1AA,5865.0,7776.0,25.00%,2737,1
75470821B,1260.0,2299.0,45.00%,55,0
8C8180673,1099.0,1500.0,27.00%,1065,0
FD8DCBD47,1928.0,2590.0,26.00%,2377,1
5A3FF1A2E,3249.0,6299.0,48.00%,2569,0
EAABC322C,1199.0,1795.0,33.00%,5967,1
6DB0AA01B,1456.0,3190.0,54.00%,1776,0
644DA0F2B,3349.0,4799.0,30.00%,4200,1
C0C9090C0,4899.0,8999.0,46.00%,297,0
377BBEC74,1199.0,1899.0,37.00%,3858,1
CFA704ECA,3290.0,5799.0,43.00%,168,0
B6A70649C,179.0,799.0,78.00%,101,0
A2E35CB69,149.0,300.0,50.00%,4074,1
36ED21A10,5490.0,7200.0,24.00%,1408,0
4DD298B60,379.0,389.0,3.00%,3739,1
1D1E61CA7,8699.0,13049.0,33.00%,5891,1
52BEDFFFD,3041.67,5999.0,49.00%,777,0
AE4A054DF,1745.0,2400.0,27.00%,14160,1
D05523B30,3180.0,5295.0,40.00%,6919,1
F19D833C7,4999.0,24999.0,80.00%,287,0
7D9C1C620,390.0,799.0,51.00%,287,0
DABAA1026,1999.0,2999.0,33.00%,388,0
940D442E8,1624.0,2495.0,35.00%,827,0
9A4D4CCF5,184.0,450.0,59.00%,4971,1
787B3D37C,445.0,999.0,55.00%,229,0
87DF16C30,699.0,1690.0,59.00%,3524,1
6A9920EC7,1601.0,3890.0,59.00%,156,0
93DAF1797,231.0,260.0,11.00%,490,0
BA62FB722,369.0,599.0,38.00%,82,0
359F76E5F,809.0,1950.0,59.00%,710,0
1FB048FD6,1199.0,2990.0,60.00%,133,0
B7D90A141,6120.0,8073.0,24.00%,2751,1
1E0E522F6,1799.0,2599.0,31.00%,771,0
32E6331A9,18999.0,29999.0,37.00%,2536,0
D48A9591F,1999.0,2360.0,15.00%,7801,1
618231402,5999.0,11495.0,48.00%,534,0
1FCFFE73C,2599.0,4780.0,46.00%,898,0
D8B9E252C,1199.0,2400.0,50.00%,1202,0
493513042,219.0,249.0,12.00%,1108,0
D2A7941B4,799.0,1199.0,33.00%,17,0
6F337A57B,6199.0,10999.0,44.00%,10429,1
10B42BD8D,6790.0,10995.0,38.00%,3192,1
A5E6D5CE9,1982.84,3300.0,40.00%,5873,1
6FB8820EE,199.0,400.0,50.00%,1379,0
B3CB39E4E,1180.0,1440.0,18.00%,1527,0
53F3A2C68,2199.0,3045.0,28.00%,2686,1
7C75CC3D9,2999.0,3595.0,17.00%,178,0
F562B19DA,253.0,500.0,49.00%,2664,1
93C1FCB8E,499.0,799.0,38.00%,212,0
BDFBF8F6E,1149.0,1899.0,39.00%,24,0
4530B90EB,457.0,799.0,43.00%,1868,1
A3345F55A,229.0,399.0,43.00%,451,0
1FB983A7E,199.0,699.0,72.00%,159,0
FCA126F74,899.0,1999.0,55.00%,39,0
5F41284B9,1499.0,2199.0,32.00%,6531,1
0525843F1,426.0,999.0,57.00%,222,0
32850B78F,2320.0,3290.0,29.00%,195,0
E250347B4,1563.0,3098.0,50.00%,2283,0
33DA56557,3487.77,4990.0,30.00%,1127,0
53DCAFA6E,498.0,1200.0,59.00%,113,0
98C1695B7,2695.0,2695.0,0.00%,2518,1
8B278498D,949.0,2299.0,59.00%,550,0
DA4CAB019,199.0,999.0,80.00%,2,0
9AA7A7916,379.0,919.0,59.00%,1090,0
7E12E1AAE,2280.0,3045.0,25.00%,4118,1
5ADAF961C,2219.0,3080.0,28.00%,468,0
E65FD6771,1399.0,1890.0,26.00%,8031,1
FFE76BAAF,2863.0,3690.0,22.00%,6987,1
